{
  "annotations": {
    "list": [
      {
        "builtIn": 1,
        "datasource": {
          "type": "datasource",
          "uid": "grafana"
        },
        "enable": true,
        "hide": true,
        "iconColor": "rgba(0, 211, 255, 1)",
        "name": "Annotations & Alerts",
        "target": {
          "limit": 100,
          "matchAny": false,
          "tags": [],
          "type": "dashboard"
        },
        "type": "dashboard"
      }
    ]
  },
  "editable": true,
  "fiscalYearStartMonth": 0,
  "graphTooltip": 0,
  "id": 6,
  "links": [],
  "liveNow": false,
  "panels": [
    {
      "datasource": {
        "type": "alexanderzobnin-zabbix-datasource",
        "uid": "OwY5lj-nk"
      },
      "gridPos": {
        "h": 2,
        "w": 24,
        "x": 0,
        "y": 0
      },
      "id": 2,
      "options": {
        "content": "<div style=\"font-size:30px;text-align:center;font-family:Arial;background:green;color:white\">MONITORAMENTO OLT</div>",
        "mode": "html"
      },
      "pluginVersion": "8.5.5",
      "targets": [
        {
          "application": {
            "filter": ""
          },
          "functions": [],
          "group": {
            "filter": ""
          },
          "host": {
            "filter": ""
          },
          "item": {
            "filter": ""
          },
          "options": {
            "showDisabledItems": false,
            "skipEmptyValues": false
          },
          "proxy": {
            "filter": ""
          },
          "queryType": 0,
          "refId": "A",
          "resultFormat": "time_series",
          "table": {
            "skipEmptyValues": false
          },
          "tags": {
            "filter": ""
          },
          "trigger": {
            "filter": ""
          },
          "triggers": {
            "acknowledged": 2,
            "count": true,
            "minSeverity": 3
          }
        }
      ],
      "transparent": true,
      "type": "text"
    },
    {
      "collapsed": false,
      "datasource": {
        "type": "alexanderzobnin-zabbix-datasource",
        "uid": "OwY5lj-nk"
      },
      "gridPos": {
        "h": 1,
        "w": 24,
        "x": 0,
        "y": 2
      },
      "id": 48,
      "panels": [],
      "title": "STATUS OLT",
      "type": "row"
    },
    {
      "datasource": {
        "type": "alexanderzobnin-zabbix-datasource",
        "uid": "OwY5lj-nk"
      },
      "fieldConfig": {
        "defaults": {
          "displayName": "Cooler de resfriamento",
          "mappings": [
            {
              "options": {
                "1": {
                  "text": "NORMAL"
                }
              },
              "type": "value"
            }
          ],
          "thresholds": {
            "mode": "absolute",
            "steps": [
              {
                "color": "dark-green",
                "value": null
              }
            ]
          },
          "unit": "bps"
        },
        "overrides": []
      },
      "gridPos": {
        "h": 3,
        "w": 5,
        "x": 0,
        "y": 3
      },
      "id": 41,
      "options": {
        "colorMode": "background",
        "graphMode": "none",
        "justifyMode": "auto",
        "orientation": "auto",
        "reduceOptions": {
          "calcs": [
            "last"
          ],
          "fields": "",
          "values": false
        },
        "text": {},
        "textMode": "auto"
      },
      "pluginVersion": "8.5.5",
      "targets": [
        {
          "application": {
            "filter": ""
          },
          "datasource": {
            "type": "alexanderzobnin-zabbix-datasource",
            "uid": "OwY5lj-nk"
          },
          "functions": [],
          "group": {
            "filter": "FIBERHOME"
          },
          "host": {
            "filter": "OLT01-FIBERHOME"
          },
          "item": {
            "filter": "1.Cooler de resfriamento"
          },
          "itemTag": {
            "filter": ""
          },
          "options": {
            "disableDataAlignment": false,
            "showDisabledItems": false,
            "skipEmptyValues": false,
            "useZabbixValueMapping": false
          },
          "proxy": {
            "filter": ""
          },
          "queryType": "0",
          "refId": "A",
          "resultFormat": "time_series",
          "table": {
            "skipEmptyValues": false
          },
          "tags": {
            "filter": ""
          },
          "trigger": {
            "filter": ""
          },
          "triggers": {
            "acknowledged": 2,
            "count": true,
            "minSeverity": 3
          }
        }
      ],
      "type": "stat"
    },
    {
      "datasource": {
        "type": "alexanderzobnin-zabbix-datasource",
        "uid": "OwY5lj-nk"
      },
      "fieldConfig": {
        "defaults": {
          "displayName": "Temperatura da OLT",
          "mappings": [],
          "thresholds": {
            "mode": "absolute",
            "steps": [
              {
                "color": "dark-green",
                "value": null
              }
            ]
          },
          "unit": "celsius"
        },
        "overrides": []
      },
      "gridPos": {
        "h": 3,
        "w": 5,
        "x": 5,
        "y": 3
      },
      "id": 42,
      "options": {
        "colorMode": "background",
        "graphMode": "none",
        "justifyMode": "auto",
        "orientation": "auto",
        "reduceOptions": {
          "calcs": [
            "last"
          ],
          "fields": "",
          "values": false
        },
        "text": {},
        "textMode": "auto"
      },
      "pluginVersion": "8.5.5",
      "targets": [
        {
          "application": {
            "filter": ""
          },
          "functions": [],
          "group": {
            "filter": "FIBERHOME"
          },
          "host": {
            "filter": "OLT01-FIBERHOME"
          },
          "item": {
            "filter": "2.Temperatura da OLT"
          },
          "options": {
            "disableDataAlignment": false,
            "showDisabledItems": false,
            "skipEmptyValues": false,
            "useZabbixValueMapping": false
          },
          "proxy": {
            "filter": ""
          },
          "queryType": 0,
          "refId": "A",
          "resultFormat": "time_series",
          "table": {
            "skipEmptyValues": false
          },
          "tags": {
            "filter": ""
          },
          "trigger": {
            "filter": ""
          },
          "triggers": {
            "acknowledged": 2,
            "count": true,
            "minSeverity": 3
          }
        }
      ],
      "type": "stat"
    },
    {
      "datasource": {
        "type": "alexanderzobnin-zabbix-datasource",
        "uid": "OwY5lj-nk"
      },
      "fieldConfig": {
        "defaults": {
          "displayName": "Power Supply 1",
          "mappings": [
            {
              "options": {
                "1": {
                  "text": "ATIVO"
                },
                "3": {
                  "text": "FALHA"
                }
              },
              "type": "value"
            }
          ],
          "thresholds": {
            "mode": "absolute",
            "steps": [
              {
                "color": "green",
                "value": null
              },
              {
                "color": "dark-green",
                "value": 1
              },
              {
                "color": "dark-red",
                "value": 3
              }
            ]
          },
          "unit": "bps"
        },
        "overrides": []
      },
      "gridPos": {
        "h": 3,
        "w": 5,
        "x": 10,
        "y": 3
      },
      "id": 43,
      "options": {
        "colorMode": "background",
        "graphMode": "none",
        "justifyMode": "auto",
        "orientation": "auto",
        "reduceOptions": {
          "calcs": [
            "last"
          ],
          "fields": "",
          "values": false
        },
        "text": {},
        "textMode": "auto"
      },
      "pluginVersion": "8.5.5",
      "targets": [
        {
          "application": {
            "filter": ""
          },
          "functions": [],
          "group": {
            "filter": "FIBERHOME"
          },
          "host": {
            "filter": "OLT01-FIBERHOME"
          },
          "item": {
            "filter": "3.Power Supply 1"
          },
          "options": {
            "disableDataAlignment": false,
            "showDisabledItems": false,
            "skipEmptyValues": false,
            "useZabbixValueMapping": false
          },
          "proxy": {
            "filter": ""
          },
          "queryType": 0,
          "refId": "A",
          "resultFormat": "time_series",
          "table": {
            "skipEmptyValues": false
          },
          "tags": {
            "filter": ""
          },
          "trigger": {
            "filter": ""
          },
          "triggers": {
            "acknowledged": 2,
            "count": true,
            "minSeverity": 3
          }
        }
      ],
      "type": "stat"
    },
    {
      "datasource": {
        "type": "alexanderzobnin-zabbix-datasource",
        "uid": "OwY5lj-nk"
      },
      "fieldConfig": {
        "defaults": {
          "displayName": "Power Supply 2",
          "mappings": [
            {
              "options": {
                "1": {
                  "text": "ATIVO"
                },
                "3": {
                  "text": "FALHA"
                }
              },
              "type": "value"
            }
          ],
          "thresholds": {
            "mode": "absolute",
            "steps": [
              {
                "color": "green",
                "value": null
              },
              {
                "color": "dark-green",
                "value": 1
              },
              {
                "color": "dark-red",
                "value": 3
              }
            ]
          },
          "unit": "bps"
        },
        "overrides": []
      },
      "gridPos": {
        "h": 3,
        "w": 5,
        "x": 15,
        "y": 3
      },
      "id": 46,
      "options": {
        "colorMode": "background",
        "graphMode": "none",
        "justifyMode": "auto",
        "orientation": "auto",
        "reduceOptions": {
          "calcs": [
            "last"
          ],
          "fields": "",
          "values": false
        },
        "text": {},
        "textMode": "auto"
      },
      "pluginVersion": "8.5.5",
      "targets": [
        {
          "application": {
            "filter": ""
          },
          "functions": [],
          "group": {
            "filter": "FIBERHOME"
          },
          "host": {
            "filter": "OLT01-FIBERHOME"
          },
          "item": {
            "filter": "4.Power Supply 2"
          },
          "options": {
            "disableDataAlignment": false,
            "showDisabledItems": false,
            "skipEmptyValues": false,
            "useZabbixValueMapping": false
          },
          "proxy": {
            "filter": ""
          },
          "queryType": 0,
          "refId": "A",
          "resultFormat": "time_series",
          "table": {
            "skipEmptyValues": false
          },
          "tags": {
            "filter": ""
          },
          "trigger": {
            "filter": ""
          },
          "triggers": {
            "acknowledged": 2,
            "count": true,
            "minSeverity": 3
          }
        }
      ],
      "type": "stat"
    },
    {
      "datasource": {
        "type": "alexanderzobnin-zabbix-datasource",
        "uid": "OwY5lj-nk"
      },
      "fieldConfig": {
        "defaults": {
          "displayName": "UPTIME",
          "mappings": [],
          "thresholds": {
            "mode": "absolute",
            "steps": [
              {
                "color": "dark-green",
                "value": null
              }
            ]
          },
          "unit": "s"
        },
        "overrides": []
      },
      "gridPos": {
        "h": 3,
        "w": 4,
        "x": 20,
        "y": 3
      },
      "id": 45,
      "options": {
        "colorMode": "background",
        "graphMode": "none",
        "justifyMode": "auto",
        "orientation": "auto",
        "reduceOptions": {
          "calcs": [
            "last"
          ],
          "fields": "",
          "values": false
        },
        "text": {},
        "textMode": "auto"
      },
      "pluginVersion": "8.5.5",
      "targets": [
        {
          "application": {
            "filter": ""
          },
          "functions": [],
          "group": {
            "filter": "FIBERHOME"
          },
          "host": {
            "filter": "OLT01-FIBERHOME"
          },
          "item": {
            "filter": "5.Sys Uptime"
          },
          "options": {
            "disableDataAlignment": false,
            "showDisabledItems": false,
            "skipEmptyValues": false,
            "useZabbixValueMapping": false
          },
          "proxy": {
            "filter": ""
          },
          "queryType": 0,
          "refId": "A",
          "resultFormat": "time_series",
          "table": {
            "skipEmptyValues": false
          },
          "tags": {
            "filter": ""
          },
          "trigger": {
            "filter": ""
          },
          "triggers": {
            "acknowledged": 2,
            "count": true,
            "minSeverity": 3
          }
        }
      ],
      "type": "stat"
    },
    {
      "collapsed": false,
      "datasource": {
        "type": "alexanderzobnin-zabbix-datasource",
        "uid": "OwY5lj-nk"
      },
      "gridPos": {
        "h": 1,
        "w": 24,
        "x": 0,
        "y": 6
      },
      "id": 8,
      "panels": [],
      "title": "STATUS ONTs",
      "type": "row"
    },
    {
      "datasource": {
        "type": "alexanderzobnin-zabbix-datasource",
        "uid": "OwY5lj-nk"
      },
      "fieldConfig": {
        "defaults": {
          "displayName": "TOTAL ONU CADASTRADAS",
          "mappings": [],
          "thresholds": {
            "mode": "absolute",
            "steps": [
              {
                "color": "#4da3e6",
                "value": null
              }
            ]
          }
        },
        "overrides": []
      },
      "gridPos": {
        "h": 4,
        "w": 5,
        "x": 0,
        "y": 7
      },
      "id": 49,
      "options": {
        "colorMode": "background",
        "graphMode": "none",
        "justifyMode": "center",
        "orientation": "auto",
        "reduceOptions": {
          "calcs": [
            "last"
          ],
          "fields": "",
          "values": false
        },
        "text": {},
        "textMode": "auto"
      },
      "pluginVersion": "8.5.5",
      "targets": [
        {
          "application": {
            "filter": "Status Clientes"
          },
          "datasource": {
            "type": "alexanderzobnin-zabbix-datasource",
            "uid": "OwY5lj-nk"
          },
          "functions": [],
          "group": {
            "filter": "FIBERHOME"
          },
          "host": {
            "filter": "OLT01-FIBERHOME"
          },
          "item": {
            "filter": "total"
          },
          "itemTag": {
            "filter": ""
          },
          "options": {
            "disableDataAlignment": false,
            "showDisabledItems": false,
            "skipEmptyValues": false,
            "useZabbixValueMapping": false
          },
          "proxy": {
            "filter": ""
          },
          "queryType": "0",
          "refId": "A",
          "resultFormat": "time_series",
          "table": {
            "skipEmptyValues": false
          },
          "tags": {
            "filter": ""
          },
          "trigger": {
            "filter": ""
          },
          "triggers": {
            "acknowledged": 2,
            "count": true,
            "minSeverity": 3
          }
        }
      ],
      "transparent": true,
      "type": "stat"
    },
    {
      "datasource": {
        "type": "alexanderzobnin-zabbix-datasource",
        "uid": "OwY5lj-nk"
      },
      "fieldConfig": {
        "defaults": {
          "displayName": "ONU ONLINE 💹",
          "mappings": [],
          "thresholds": {
            "mode": "absolute",
            "steps": [
              {
                "color": "green",
                "value": null
              }
            ]
          }
        },
        "overrides": []
      },
      "gridPos": {
        "h": 4,
        "w": 5,
        "x": 5,
        "y": 7
      },
      "id": 4,
      "options": {
        "colorMode": "background",
        "graphMode": "none",
        "justifyMode": "center",
        "orientation": "auto",
        "reduceOptions": {
          "calcs": [
            "last"
          ],
          "fields": "",
          "values": false
        },
        "text": {},
        "textMode": "auto"
      },
      "pluginVersion": "8.5.5",
      "targets": [
        {
          "application": {
            "filter": "Status Clientes"
          },
          "datasource": {
            "type": "alexanderzobnin-zabbix-datasource",
            "uid": "OwY5lj-nk"
          },
          "functions": [],
          "group": {
            "filter": "FIBERHOME"
          },
          "host": {
            "filter": "OLT01-FIBERHOME"
          },
          "item": {
            "filter": "online"
          },
          "itemTag": {
            "filter": ""
          },
          "options": {
            "disableDataAlignment": false,
            "showDisabledItems": false,
            "skipEmptyValues": false,
            "useZabbixValueMapping": false
          },
          "proxy": {
            "filter": ""
          },
          "queryType": "0",
          "refId": "A",
          "resultFormat": "time_series",
          "table": {
            "skipEmptyValues": false
          },
          "tags": {
            "filter": ""
          },
          "trigger": {
            "filter": ""
          },
          "triggers": {
            "acknowledged": 2,
            "count": true,
            "minSeverity": 3
          }
        }
      ],
      "type": "stat"
    },
    {
      "datasource": {
        "type": "alexanderzobnin-zabbix-datasource",
        "uid": "OwY5lj-nk"
      },
      "fieldConfig": {
        "defaults": {
          "displayName": "SEM ENERGIA ⚡",
          "mappings": [],
          "thresholds": {
            "mode": "absolute",
            "steps": [
              {
                "color": "semi-dark-purple",
                "value": null
              }
            ]
          }
        },
        "overrides": []
      },
      "gridPos": {
        "h": 4,
        "w": 5,
        "x": 10,
        "y": 7
      },
      "id": 50,
      "options": {
        "colorMode": "background",
        "graphMode": "none",
        "justifyMode": "center",
        "orientation": "auto",
        "reduceOptions": {
          "calcs": [
            "last"
          ],
          "fields": "",
          "values": false
        },
        "text": {},
        "textMode": "auto"
      },
      "pluginVersion": "8.5.5",
      "targets": [
        {
          "application": {
            "filter": "Status Clientes"
          },
          "datasource": {
            "type": "alexanderzobnin-zabbix-datasource",
            "uid": "OwY5lj-nk"
          },
          "functions": [],
          "group": {
            "filter": "FIBERHOME"
          },
          "host": {
            "filter": "OLT01-FIBERHOME"
          },
          "item": {
            "filter": "sem energia"
          },
          "itemTag": {
            "filter": ""
          },
          "options": {
            "disableDataAlignment": false,
            "showDisabledItems": false,
            "skipEmptyValues": false,
            "useZabbixValueMapping": false
          },
          "proxy": {
            "filter": ""
          },
          "queryType": "0",
          "refId": "A",
          "resultFormat": "time_series",
          "table": {
            "skipEmptyValues": false
          },
          "tags": {
            "filter": ""
          },
          "trigger": {
            "filter": ""
          },
          "triggers": {
            "acknowledged": 2,
            "count": true,
            "minSeverity": 3
          }
        }
      ],
      "type": "stat"
    },
    {
      "datasource": {
        "type": "alexanderzobnin-zabbix-datasource",
        "uid": "OwY5lj-nk"
      },
      "fieldConfig": {
        "defaults": {
          "displayName": "DESCONHECIDAS ☢️",
          "mappings": [],
          "thresholds": {
            "mode": "absolute",
            "steps": [
              {
                "color": "dark-orange",
                "value": null
              }
            ]
          }
        },
        "overrides": []
      },
      "gridPos": {
        "h": 4,
        "w": 5,
        "x": 15,
        "y": 7
      },
      "id": 51,
      "options": {
        "colorMode": "background",
        "graphMode": "none",
        "justifyMode": "center",
        "orientation": "auto",
        "reduceOptions": {
          "calcs": [
            "last"
          ],
          "fields": "",
          "values": false
        },
        "text": {},
        "textMode": "auto"
      },
      "pluginVersion": "8.5.5",
      "targets": [
        {
          "application": {
            "filter": "Status Clientes"
          },
          "datasource": {
            "type": "alexanderzobnin-zabbix-datasource",
            "uid": "OwY5lj-nk"
          },
          "functions": [],
          "group": {
            "filter": "FIBERHOME"
          },
          "host": {
            "filter": "OLT01-FIBERHOME"
          },
          "item": {
            "filter": "desconhecidas"
          },
          "itemTag": {
            "filter": ""
          },
          "options": {
            "disableDataAlignment": false,
            "showDisabledItems": false,
            "skipEmptyValues": false,
            "useZabbixValueMapping": false
          },
          "proxy": {
            "filter": ""
          },
          "queryType": "0",
          "refId": "A",
          "resultFormat": "time_series",
          "table": {
            "skipEmptyValues": false
          },
          "tags": {
            "filter": ""
          },
          "trigger": {
            "filter": ""
          },
          "triggers": {
            "acknowledged": 2,
            "count": true,
            "minSeverity": 3
          }
        }
      ],
      "type": "stat"
    },
    {
      "datasource": {
        "type": "alexanderzobnin-zabbix-datasource",
        "uid": "OwY5lj-nk"
      },
      "fieldConfig": {
        "defaults": {
          "displayName": "TOTAL ONU OFFLINE ⚠️",
          "mappings": [],
          "thresholds": {
            "mode": "absolute",
            "steps": [
              {
                "color": "dark-red",
                "value": null
              }
            ]
          }
        },
        "overrides": []
      },
      "gridPos": {
        "h": 4,
        "w": 4,
        "x": 20,
        "y": 7
      },
      "id": 6,
      "options": {
        "colorMode": "background",
        "graphMode": "none",
        "justifyMode": "center",
        "orientation": "auto",
        "reduceOptions": {
          "calcs": [
            "last"
          ],
          "fields": "",
          "values": false
        },
        "text": {},
        "textMode": "auto"
      },
      "pluginVersion": "8.5.5",
      "targets": [
        {
          "application": {
            "filter": "Status Clientes"
          },
          "datasource": {
            "type": "alexanderzobnin-zabbix-datasource",
            "uid": "OwY5lj-nk"
          },
          "functions": [],
          "group": {
            "filter": "FIBERHOME"
          },
          "host": {
            "filter": "OLT01-FIBERHOME"
          },
          "item": {
            "filter": "offline"
          },
          "itemTag": {
            "filter": ""
          },
          "options": {
            "disableDataAlignment": false,
            "showDisabledItems": false,
            "skipEmptyValues": false,
            "useZabbixValueMapping": false
          },
          "proxy": {
            "filter": ""
          },
          "queryType": "0",
          "refId": "A",
          "resultFormat": "time_series",
          "table": {
            "skipEmptyValues": false
          },
          "tags": {
            "filter": ""
          },
          "trigger": {
            "filter": ""
          },
          "triggers": {
            "acknowledged": 2,
            "count": true,
            "minSeverity": 3
          }
        }
      ],
      "type": "stat"
    },
    {
      "collapsed": false,
      "datasource": {
        "type": "alexanderzobnin-zabbix-datasource",
        "uid": "OwY5lj-nk"
      },
      "gridPos": {
        "h": 1,
        "w": 24,
        "x": 0,
        "y": 11
      },
      "id": 10,
      "panels": [],
      "title": "FLUXO DA REDE",
      "type": "row"
    },
    {
      "datasource": {
        "type": "alexanderzobnin-zabbix-datasource",
        "uid": "OwY5lj-nk"
      },
      "fieldConfig": {
        "defaults": {
          "displayName": "DOWNLOAD",
          "mappings": [],
          "thresholds": {
            "mode": "absolute",
            "steps": [
              {
                "color": "green",
                "value": null
              }
            ]
          },
          "unit": "bps"
        },
        "overrides": []
      },
      "gridPos": {
        "h": 2,
        "w": 12,
        "x": 0,
        "y": 12
      },
      "id": 11,
      "options": {
        "colorMode": "background",
        "graphMode": "none",
        "justifyMode": "center",
        "orientation": "auto",
        "reduceOptions": {
          "calcs": [
            "last"
          ],
          "fields": "",
          "values": false
        },
        "text": {},
        "textMode": "auto"
      },
      "pluginVersion": "8.5.5",
      "targets": [
        {
          "application": {
            "filter": ""
          },
          "datasource": {
            "type": "alexanderzobnin-zabbix-datasource",
            "uid": "OwY5lj-nk"
          },
          "functions": [],
          "group": {
            "filter": "BACKBONE"
          },
          "host": {
            "filter": "SW01-CORE"
          },
          "item": {
            "filter": "Interface sfp-sfpplus4(OLT): Bits sent"
          },
          "itemTag": {
            "filter": "Application: Interface sfp-sfpplus4(OLT)"
          },
          "options": {
            "disableDataAlignment": false,
            "showDisabledItems": false,
            "skipEmptyValues": false,
            "useZabbixValueMapping": false
          },
          "proxy": {
            "filter": ""
          },
          "queryType": "0",
          "refId": "A",
          "resultFormat": "time_series",
          "table": {
            "skipEmptyValues": false
          },
          "tags": {
            "filter": ""
          },
          "trigger": {
            "filter": ""
          },
          "triggers": {
            "acknowledged": 2,
            "count": true,
            "minSeverity": 3
          }
        }
      ],
      "type": "stat"
    },
    {
      "datasource": {
        "type": "alexanderzobnin-zabbix-datasource",
        "uid": "OwY5lj-nk"
      },
      "fieldConfig": {
        "defaults": {
          "displayName": "UPLOAD",
          "mappings": [],
          "thresholds": {
            "mode": "absolute",
            "steps": [
              {
                "color": "semi-dark-blue",
                "value": null
              }
            ]
          },
          "unit": "bps"
        },
        "overrides": []
      },
      "gridPos": {
        "h": 2,
        "w": 12,
        "x": 12,
        "y": 12
      },
      "id": 12,
      "options": {
        "colorMode": "background",
        "graphMode": "none",
        "justifyMode": "center",
        "orientation": "auto",
        "reduceOptions": {
          "calcs": [
            "last"
          ],
          "fields": "",
          "values": false
        },
        "text": {},
        "textMode": "auto"
      },
      "pluginVersion": "8.5.5",
      "targets": [
        {
          "application": {
            "filter": ""
          },
          "datasource": {
            "type": "alexanderzobnin-zabbix-datasource",
            "uid": "OwY5lj-nk"
          },
          "functions": [],
          "group": {
            "filter": "BACKBONE"
          },
          "host": {
            "filter": "SW01-CORE"
          },
          "item": {
            "filter": "Interface sfp-sfpplus4(OLT): Bits received"
          },
          "itemTag": {
            "filter": "Application: Interface sfp-sfpplus4(OLT)"
          },
          "options": {
            "disableDataAlignment": false,
            "showDisabledItems": false,
            "skipEmptyValues": false,
            "useZabbixValueMapping": false
          },
          "proxy": {
            "filter": ""
          },
          "queryType": "0",
          "refId": "A",
          "resultFormat": "time_series",
          "table": {
            "skipEmptyValues": false
          },
          "tags": {
            "filter": ""
          },
          "trigger": {
            "filter": ""
          },
          "triggers": {
            "acknowledged": 2,
            "count": true,
            "minSeverity": 3
          }
        }
      ],
      "type": "stat"
    },
    {
      "datasource": {
        "type": "alexanderzobnin-zabbix-datasource",
        "uid": "OwY5lj-nk"
      },
      "fieldConfig": {
        "defaults": {
          "color": {
            "mode": "palette-classic"
          },
          "custom": {
            "axisLabel": "",
            "axisPlacement": "auto",
            "barAlignment": 0,
            "drawStyle": "line",
            "fillOpacity": 70,
            "gradientMode": "none",
            "hideFrom": {
              "legend": false,
              "tooltip": false,
              "viz": false
            },
            "lineInterpolation": "linear",
            "lineWidth": 0,
            "pointSize": 5,
            "scaleDistribution": {
              "type": "linear"
            },
            "showPoints": "never",
            "spanNulls": true,
            "stacking": {
              "group": "A",
              "mode": "none"
            },
            "thresholdsStyle": {
              "mode": "off"
            }
          },
          "displayName": "DOWNLOAD",
          "links": [],
          "mappings": [],
          "thresholds": {
            "mode": "absolute",
            "steps": [
              {
                "color": "green",
                "value": null
              },
              {
                "color": "red",
                "value": 80
              }
            ]
          },
          "unit": "bps"
        },
        "overrides": [
          {
            "matcher": {
              "id": "byName",
              "options": "XFP 19/1 3.bites out"
            },
            "properties": [
              {
                "id": "color",
                "value": {
                  "fixedColor": "semi-dark-blue",
                  "mode": "fixed"
                }
              }
            ]
          },
          {
            "matcher": {
              "id": "byName",
              "options": "DOWNLOAD"
            },
            "properties": [
              {
                "id": "color",
                "value": {
                  "fixedColor": "semi-dark-blue",
                  "mode": "fixed"
                }
              }
            ]
          }
        ]
      },
      "gridPos": {
        "h": 9,
        "w": 12,
        "x": 0,
        "y": 14
      },
      "id": 14,
      "options": {
        "legend": {
          "calcs": [],
          "displayMode": "hidden",
          "placement": "bottom"
        },
        "tooltip": {
          "mode": "multi",
          "sort": "none"
        }
      },
      "pluginVersion": "8.5.0",
      "targets": [
        {
          "application": {
            "filter": ""
          },
          "datasource": {
            "type": "alexanderzobnin-zabbix-datasource",
            "uid": "OwY5lj-nk"
          },
          "functions": [],
          "group": {
            "filter": "BACKBONE"
          },
          "host": {
            "filter": "SW01-CORE"
          },
          "item": {
            "filter": "Interface sfp-sfpplus4(OLT): Bits sent"
          },
          "itemTag": {
            "filter": "Application: Interface sfp-sfpplus4(OLT)"
          },
          "options": {
            "disableDataAlignment": false,
            "showDisabledItems": false,
            "skipEmptyValues": false,
            "useZabbixValueMapping": false
          },
          "proxy": {
            "filter": ""
          },
          "queryType": "0",
          "refId": "A",
          "resultFormat": "time_series",
          "table": {
            "skipEmptyValues": false
          },
          "tags": {
            "filter": ""
          },
          "trigger": {
            "filter": ""
          },
          "triggers": {
            "acknowledged": 2,
            "count": true,
            "minSeverity": 3
          }
        }
      ],
      "type": "timeseries"
    },
    {
      "aliasColors": {},
      "bars": false,
      "dashLength": 10,
      "dashes": false,
      "datasource": {
        "type": "alexanderzobnin-zabbix-datasource",
        "uid": "OwY5lj-nk"
      },
      "fieldConfig": {
        "defaults": {
          "displayName": "DOWNLOAD",
          "links": [],
          "unit": "bps"
        },
        "overrides": []
      },
      "fill": 7,
      "fillGradient": 0,
      "gridPos": {
        "h": 9,
        "w": 12,
        "x": 12,
        "y": 14
      },
      "hiddenSeries": false,
      "id": 13,
      "legend": {
        "alignAsTable": false,
        "avg": false,
        "current": false,
        "max": false,
        "min": false,
        "show": false,
        "total": false,
        "values": false
      },
      "lines": true,
      "linewidth": 0,
      "nullPointMode": "null",
      "options": {
        "alertThreshold": true
      },
      "percentage": false,
      "pluginVersion": "8.5.5",
      "pointradius": 2,
      "points": false,
      "renderer": "flot",
      "seriesOverrides": [],
      "spaceLength": 10,
      "stack": false,
      "steppedLine": false,
      "targets": [
        {
          "application": {
            "filter": ""
          },
          "datasource": {
            "type": "alexanderzobnin-zabbix-datasource",
            "uid": "OwY5lj-nk"
          },
          "functions": [],
          "group": {
            "filter": "BACKBONE"
          },
          "host": {
            "filter": "SW01-CORE"
          },
          "item": {
            "filter": "Interface sfp-sfpplus4(OLT): Bits received"
          },
          "itemTag": {
            "filter": "Application: Interface sfp-sfpplus4(OLT)"
          },
          "options": {
            "disableDataAlignment": false,
            "showDisabledItems": false,
            "skipEmptyValues": false,
            "useZabbixValueMapping": false
          },
          "proxy": {
            "filter": ""
          },
          "queryType": "0",
          "refId": "A",
          "resultFormat": "time_series",
          "table": {
            "skipEmptyValues": false
          },
          "tags": {
            "filter": ""
          },
          "trigger": {
            "filter": ""
          },
          "triggers": {
            "acknowledged": 2,
            "count": true,
            "minSeverity": 3
          }
        }
      ],
      "thresholds": [],
      "timeRegions": [],
      "tooltip": {
        "shared": true,
        "sort": 0,
        "value_type": "individual"
      },
      "type": "graph",
      "xaxis": {
        "mode": "time",
        "show": true,
        "values": []
      },
      "yaxes": [
        {
          "$$hashKey": "object:157",
          "format": "bps",
          "logBase": 1,
          "show": true
        },
        {
          "$$hashKey": "object:158",
          "format": "short",
          "logBase": 1,
          "show": true
        }
      ],
      "yaxis": {
        "align": false
      }
    },
    {
      "collapsed": false,
      "datasource": {
        "type": "alexanderzobnin-zabbix-datasource",
        "uid": "OwY5lj-nk"
      },
      "gridPos": {
        "h": 1,
        "w": 24,
        "x": 0,
        "y": 23
      },
      "id": 54,
      "panels": [],
      "title": "DADOS DA PON",
      "type": "row"
    },
    {
      "datasource": {
        "type": "alexanderzobnin-zabbix-datasource",
        "uid": "OwY5lj-nk"
      },
      "gridPos": {
        "h": 2,
        "w": 24,
        "x": 0,
        "y": 24
      },
      "id": 22,
      "options": {
        "content": "<div style=\"font-size:20px;text-align:center;font-family:Arial;background:blue;color:white\">INFORMAÇÕES DAS PORTAS PON</div>",
        "mode": "html"
      },
      "pluginVersion": "8.5.5",
      "targets": [
        {
          "application": {
            "filter": ""
          },
          "functions": [],
          "group": {
            "filter": ""
          },
          "host": {
            "filter": ""
          },
          "item": {
            "filter": ""
          },
          "options": {
            "showDisabledItems": false,
            "skipEmptyValues": false
          },
          "proxy": {
            "filter": ""
          },
          "queryType": 0,
          "refId": "A",
          "resultFormat": "time_series",
          "table": {
            "skipEmptyValues": false
          },
          "tags": {
            "filter": ""
          },
          "trigger": {
            "filter": ""
          },
          "triggers": {
            "acknowledged": 2,
            "count": true,
            "minSeverity": 3
          }
        }
      ],
      "transparent": true,
      "type": "text"
    },
    {
      "datasource": {
        "type": "alexanderzobnin-zabbix-datasource",
        "uid": "OwY5lj-nk"
      },
      "fieldConfig": {
        "defaults": {
          "displayName": "USO MEMORIA",
          "mappings": [],
          "max": 120,
          "min": 1,
          "thresholds": {
            "mode": "absolute",
            "steps": [
              {
                "color": "green",
                "value": null
              },
              {
                "color": "#6ED0E0",
                "value": 20
              },
              {
                "color": "#EAB839",
                "value": 40
              },
              {
                "color": "#EF843C",
                "value": 60
              },
              {
                "color": "#E24D42",
                "value": 80
              },
              {
                "color": "#1F78C1",
                "value": 100
              },
              {
                "color": "#BA43A9",
                "value": 120
              }
            ]
          }
        },
        "overrides": []
      },
      "gridPos": {
        "h": 1,
        "w": 5,
        "x": 0,
        "y": 26
      },
      "id": 24,
      "options": {
        "displayMode": "lcd",
        "minVizHeight": 10,
        "minVizWidth": 0,
        "orientation": "horizontal",
        "reduceOptions": {
          "calcs": [
            "last"
          ],
          "fields": "",
          "values": false
        },
        "showUnfilled": true,
        "text": {}
      },
      "pluginVersion": "8.5.5",
      "targets": [
        {
          "application": {
            "filter": "Pon card"
          },
          "datasource": {
            "type": "alexanderzobnin-zabbix-datasource",
            "uid": "OwY5lj-nk"
          },
          "functions": [
            {
              "$$hashKey": "object:495",
              "def": {
                "category": "Alias",
                "defaultParams": [],
                "name": "setAlias",
                "params": [
                  {
                    "name": "alias",
                    "type": "string"
                  }
                ]
              },
              "params": [
                "USO CPU PLACA 1"
              ],
              "text": "setAlias(USO CPU PLACA 1)"
            }
          ],
          "group": {
            "filter": "OLT"
          },
          "host": {
            "filter": "OLT01-FIBERHOME"
          },
          "item": {
            "filter": "Slot: 1 3.Memoria utilizada"
          },
          "itemTag": {
            "filter": ""
          },
          "options": {
            "disableDataAlignment": false,
            "showDisabledItems": false,
            "skipEmptyValues": false,
            "useZabbixValueMapping": false
          },
          "proxy": {
            "filter": ""
          },
          "queryType": "0",
          "refId": "A",
          "resultFormat": "time_series",
          "table": {
            "skipEmptyValues": false
          },
          "tags": {
            "filter": ""
          },
          "trigger": {
            "filter": ""
          },
          "triggers": {
            "acknowledged": 2,
            "count": true,
            "minSeverity": 3
          }
        }
      ],
      "type": "bargauge"
    },
    {
      "datasource": {
        "type": "alexanderzobnin-zabbix-datasource",
        "uid": "OwY5lj-nk"
      },
      "fieldConfig": {
        "defaults": {
          "displayName": "USO MEMORIA",
          "mappings": [],
          "max": 120,
          "min": 1,
          "thresholds": {
            "mode": "absolute",
            "steps": [
              {
                "color": "green",
                "value": null
              },
              {
                "color": "#6ED0E0",
                "value": 20
              },
              {
                "color": "#EAB839",
                "value": 40
              },
              {
                "color": "#EF843C",
                "value": 60
              },
              {
                "color": "#E24D42",
                "value": 80
              },
              {
                "color": "#1F78C1",
                "value": 100
              },
              {
                "color": "#BA43A9",
                "value": 120
              }
            ]
          }
        },
        "overrides": []
      },
      "gridPos": {
        "h": 1,
        "w": 5,
        "x": 5,
        "y": 26
      },
      "id": 25,
      "options": {
        "displayMode": "lcd",
        "minVizHeight": 10,
        "minVizWidth": 0,
        "orientation": "horizontal",
        "reduceOptions": {
          "calcs": [
            "last"
          ],
          "fields": "",
          "values": false
        },
        "showUnfilled": true,
        "text": {}
      },
      "pluginVersion": "8.5.5",
      "targets": [
        {
          "application": {
            "filter": "Pon card"
          },
          "datasource": {
            "type": "alexanderzobnin-zabbix-datasource",
            "uid": "OwY5lj-nk"
          },
          "functions": [
            {
              "$$hashKey": "object:576",
              "def": {
                "category": "Alias",
                "defaultParams": [],
                "name": "setAlias",
                "params": [
                  {
                    "name": "alias",
                    "type": "string"
                  }
                ]
              },
              "params": [
                "USO CPU PLACA 1"
              ],
              "text": "setAlias(USO CPU PLACA 1)"
            }
          ],
          "group": {
            "filter": "OLT"
          },
          "host": {
            "filter": "OLT01-FIBERHOME"
          },
          "item": {
            "filter": "Slot: 2 3.Memoria utilizada"
          },
          "itemTag": {
            "filter": ""
          },
          "options": {
            "disableDataAlignment": false,
            "showDisabledItems": false,
            "skipEmptyValues": false,
            "useZabbixValueMapping": false
          },
          "proxy": {
            "filter": ""
          },
          "queryType": "0",
          "refId": "A",
          "resultFormat": "time_series",
          "table": {
            "skipEmptyValues": false
          },
          "tags": {
            "filter": ""
          },
          "trigger": {
            "filter": ""
          },
          "triggers": {
            "acknowledged": 2,
            "count": true,
            "minSeverity": 3
          }
        }
      ],
      "type": "bargauge"
    },
    {
      "datasource": {
        "type": "alexanderzobnin-zabbix-datasource",
        "uid": "OwY5lj-nk"
      },
      "fieldConfig": {
        "defaults": {
          "color": {
            "mode": "thresholds"
          },
          "mappings": [],
          "thresholds": {
            "mode": "absolute",
            "steps": [
              {
                "color": "green",
                "value": null
              },
              {
                "color": "#6ED0E0",
                "value": 20
              },
              {
                "color": "#EAB839",
                "value": 40
              },
              {
                "color": "#EF843C",
                "value": 60
              },
              {
                "color": "#E24D42",
                "value": 80
              },
              {
                "color": "#1F78C1",
                "value": 100
              },
              {
                "color": "#BA43A9",
                "value": 120
              }
            ]
          },
          "unit": "none"
        },
        "overrides": []
      },
      "gridPos": {
        "h": 17,
        "w": 14,
        "x": 10,
        "y": 26
      },
      "id": 52,
      "options": {
        "colorMode": "background",
        "graphMode": "none",
        "justifyMode": "center",
        "orientation": "auto",
        "reduceOptions": {
          "calcs": [
            "last"
          ],
          "fields": "",
          "values": false
        },
        "text": {
          "titleSize": 11,
          "valueSize": 35
        },
        "textMode": "auto"
      },
      "pluginVersion": "8.5.5",
      "targets": [
        {
          "application": {
            "filter": ""
          },
          "functions": [
            {
              "$$hashKey": "object:1786",
              "added": false,
              "def": {
                "category": "Alias",
                "defaultParams": [
                  "/(.*)/",
                  "$1"
                ],
                "name": "replaceAlias",
                "params": [
                  {
                    "name": "regexp",
                    "type": "string"
                  },
                  {
                    "name": "newAlias",
                    "type": "string"
                  }
                ]
              },
              "params": [
                "/OLT01-FIBERHOME: PON/",
                "PON"
              ],
              "text": "replaceAlias(/OLT01-FIBERHOME: PON/, PON)"
            }
          ],
          "group": {
            "filter": "OLT"
          },
          "host": {
            "filter": "OLT01-FIBERHOME"
          },
          "item": {
            "filter": "/ocupação da porta.*/"
          },
          "itemTag": {
            "filter": ""
          },
          "options": {
            "disableDataAlignment": false,
            "showDisabledItems": false,
            "skipEmptyValues": false,
            "useZabbixValueMapping": false
          },
          "proxy": {
            "filter": ""
          },
          "queryType": "0",
          "refId": "A",
          "resultFormat": "time_series",
          "table": {
            "skipEmptyValues": false
          },
          "tags": {
            "filter": ""
          },
          "trigger": {
            "filter": ""
          },
          "triggers": {
            "acknowledged": 2,
            "count": true,
            "minSeverity": 3
          }
        }
      ],
      "type": "stat"
    },
    {
      "datasource": {
        "type": "alexanderzobnin-zabbix-datasource",
        "uid": "OwY5lj-nk"
      },
      "fieldConfig": {
        "defaults": {
          "displayName": "USO CPU",
          "mappings": [],
          "max": 120,
          "min": 1,
          "thresholds": {
            "mode": "absolute",
            "steps": [
              {
                "color": "green",
                "value": null
              },
              {
                "color": "#6ED0E0",
                "value": 20
              },
              {
                "color": "#EAB839",
                "value": 40
              },
              {
                "color": "#EF843C",
                "value": 60
              },
              {
                "color": "#E24D42",
                "value": 80
              },
              {
                "color": "#1F78C1",
                "value": 100
              },
              {
                "color": "#BA43A9",
                "value": 120
              }
            ]
          }
        },
        "overrides": []
      },
      "gridPos": {
        "h": 1,
        "w": 5,
        "x": 0,
        "y": 27
      },
      "id": 23,
      "options": {
        "displayMode": "lcd",
        "minVizHeight": 10,
        "minVizWidth": 0,
        "orientation": "horizontal",
        "reduceOptions": {
          "calcs": [
            "last"
          ],
          "fields": "",
          "values": false
        },
        "showUnfilled": true,
        "text": {}
      },
      "pluginVersion": "8.5.5",
      "targets": [
        {
          "application": {
            "filter": "Pon card"
          },
          "datasource": {
            "type": "alexanderzobnin-zabbix-datasource",
            "uid": "OwY5lj-nk"
          },
          "functions": [
            {
              "$$hashKey": "object:522",
              "def": {
                "category": "Alias",
                "defaultParams": [],
                "name": "setAlias",
                "params": [
                  {
                    "name": "alias",
                    "type": "string"
                  }
                ]
              },
              "params": [
                "USO CPU PLACA 1"
              ],
              "text": "setAlias(USO CPU PLACA 1)"
            }
          ],
          "group": {
            "filter": "OLT"
          },
          "host": {
            "filter": "OLT01-FIBERHOME"
          },
          "item": {
            "filter": "Slot: 1 2.cpu utilizado"
          },
          "itemTag": {
            "filter": ""
          },
          "options": {
            "disableDataAlignment": false,
            "showDisabledItems": false,
            "skipEmptyValues": false,
            "useZabbixValueMapping": false
          },
          "proxy": {
            "filter": ""
          },
          "queryType": "0",
          "refId": "A",
          "resultFormat": "time_series",
          "table": {
            "skipEmptyValues": false
          },
          "tags": {
            "filter": ""
          },
          "trigger": {
            "filter": ""
          },
          "triggers": {
            "acknowledged": 2,
            "count": true,
            "minSeverity": 3
          }
        }
      ],
      "type": "bargauge"
    },
    {
      "datasource": {
        "type": "alexanderzobnin-zabbix-datasource",
        "uid": "OwY5lj-nk"
      },
      "fieldConfig": {
        "defaults": {
          "displayName": "USO CPU",
          "mappings": [],
          "max": 120,
          "min": 1,
          "thresholds": {
            "mode": "absolute",
            "steps": [
              {
                "color": "green",
                "value": null
              },
              {
                "color": "#6ED0E0",
                "value": 20
              },
              {
                "color": "#EAB839",
                "value": 40
              },
              {
                "color": "#EF843C",
                "value": 60
              },
              {
                "color": "#E24D42",
                "value": 80
              },
              {
                "color": "#1F78C1",
                "value": 100
              },
              {
                "color": "#BA43A9",
                "value": 120
              }
            ]
          }
        },
        "overrides": []
      },
      "gridPos": {
        "h": 1,
        "w": 5,
        "x": 5,
        "y": 27
      },
      "id": 35,
      "options": {
        "displayMode": "lcd",
        "minVizHeight": 10,
        "minVizWidth": 0,
        "orientation": "horizontal",
        "reduceOptions": {
          "calcs": [
            "last"
          ],
          "fields": "",
          "values": false
        },
        "showUnfilled": true,
        "text": {}
      },
      "pluginVersion": "8.5.5",
      "targets": [
        {
          "application": {
            "filter": "Pon card"
          },
          "datasource": {
            "type": "alexanderzobnin-zabbix-datasource",
            "uid": "OwY5lj-nk"
          },
          "functions": [
            {
              "$$hashKey": "object:603",
              "def": {
                "category": "Alias",
                "defaultParams": [],
                "name": "setAlias",
                "params": [
                  {
                    "name": "alias",
                    "type": "string"
                  }
                ]
              },
              "params": [
                "USO CPU PLACA 1"
              ],
              "text": "setAlias(USO CPU PLACA 1)"
            }
          ],
          "group": {
            "filter": "OLT"
          },
          "host": {
            "filter": "OLT01-FIBERHOME"
          },
          "item": {
            "filter": "Slot: 1 2.cpu utilizado"
          },
          "itemTag": {
            "filter": ""
          },
          "options": {
            "disableDataAlignment": false,
            "showDisabledItems": false,
            "skipEmptyValues": false,
            "useZabbixValueMapping": false
          },
          "proxy": {
            "filter": ""
          },
          "queryType": "0",
          "refId": "A",
          "resultFormat": "time_series",
          "table": {
            "skipEmptyValues": false
          },
          "tags": {
            "filter": ""
          },
          "trigger": {
            "filter": ""
          },
          "triggers": {
            "acknowledged": 2,
            "count": true,
            "minSeverity": 3
          }
        }
      ],
      "type": "bargauge"
    },
    {
      "datasource": {
        "type": "alexanderzobnin-zabbix-datasource",
        "uid": "OwY5lj-nk"
      },
      "fieldConfig": {
        "defaults": {
          "displayName": "USO TEMPERATURA",
          "mappings": [],
          "max": 120,
          "min": 1,
          "thresholds": {
            "mode": "absolute",
            "steps": [
              {
                "color": "green",
                "value": null
              },
              {
                "color": "#6ED0E0",
                "value": 20
              },
              {
                "color": "#EAB839",
                "value": 40
              },
              {
                "color": "#EF843C",
                "value": 60
              },
              {
                "color": "#E24D42",
                "value": 80
              },
              {
                "color": "#1F78C1",
                "value": 100
              },
              {
                "color": "#BA43A9",
                "value": 120
              }
            ]
          },
          "unit": "celsius"
        },
        "overrides": []
      },
      "gridPos": {
        "h": 1,
        "w": 5,
        "x": 0,
        "y": 28
      },
      "id": 26,
      "options": {
        "displayMode": "lcd",
        "minVizHeight": 10,
        "minVizWidth": 0,
        "orientation": "horizontal",
        "reduceOptions": {
          "calcs": [
            "last"
          ],
          "fields": "",
          "values": false
        },
        "showUnfilled": true,
        "text": {}
      },
      "pluginVersion": "8.5.5",
      "targets": [
        {
          "application": {
            "filter": ""
          },
          "datasource": {
            "type": "alexanderzobnin-zabbix-datasource",
            "uid": "OwY5lj-nk"
          },
          "functions": [
            {
              "$$hashKey": "object:549",
              "def": {
                "category": "Alias",
                "defaultParams": [],
                "name": "setAlias",
                "params": [
                  {
                    "name": "alias",
                    "type": "string"
                  }
                ]
              },
              "params": [
                "USO CPU PLACA 1"
              ],
              "text": "setAlias(USO CPU PLACA 1)"
            }
          ],
          "group": {
            "filter": "OLT"
          },
          "host": {
            "filter": "OLT01-FIBERHOME"
          },
          "item": {
            "filter": "PON 1/1: 3.temperatura"
          },
          "itemTag": {
            "filter": ""
          },
          "options": {
            "disableDataAlignment": false,
            "showDisabledItems": false,
            "skipEmptyValues": false,
            "useZabbixValueMapping": false
          },
          "proxy": {
            "filter": ""
          },
          "queryType": "0",
          "refId": "A",
          "resultFormat": "time_series",
          "table": {
            "skipEmptyValues": false
          },
          "tags": {
            "filter": ""
          },
          "trigger": {
            "filter": ""
          },
          "triggers": {
            "acknowledged": 2,
            "count": true,
            "minSeverity": 3
          }
        }
      ],
      "type": "bargauge"
    },
    {
      "datasource": {
        "type": "alexanderzobnin-zabbix-datasource",
        "uid": "OwY5lj-nk"
      },
      "fieldConfig": {
        "defaults": {
          "displayName": "USO TEMPERATURA",
          "mappings": [],
          "max": 120,
          "min": 1,
          "thresholds": {
            "mode": "absolute",
            "steps": [
              {
                "color": "green",
                "value": null
              },
              {
                "color": "#6ED0E0",
                "value": 20
              },
              {
                "color": "#EAB839",
                "value": 40
              },
              {
                "color": "#EF843C",
                "value": 60
              },
              {
                "color": "#E24D42",
                "value": 80
              },
              {
                "color": "#1F78C1",
                "value": 100
              },
              {
                "color": "#BA43A9",
                "value": 120
              }
            ]
          },
          "unit": "celsius"
        },
        "overrides": []
      },
      "gridPos": {
        "h": 1,
        "w": 5,
        "x": 5,
        "y": 28
      },
      "id": 36,
      "options": {
        "displayMode": "lcd",
        "minVizHeight": 10,
        "minVizWidth": 0,
        "orientation": "horizontal",
        "reduceOptions": {
          "calcs": [
            "last"
          ],
          "fields": "",
          "values": false
        },
        "showUnfilled": true,
        "text": {}
      },
      "pluginVersion": "8.5.5",
      "targets": [
        {
          "application": {
            "filter": ""
          },
          "datasource": {
            "type": "alexanderzobnin-zabbix-datasource",
            "uid": "OwY5lj-nk"
          },
          "functions": [
            {
              "$$hashKey": "object:630",
              "def": {
                "category": "Alias",
                "defaultParams": [],
                "name": "setAlias",
                "params": [
                  {
                    "name": "alias",
                    "type": "string"
                  }
                ]
              },
              "params": [
                "USO CPU PLACA 1"
              ],
              "text": "setAlias(USO CPU PLACA 1)"
            }
          ],
          "group": {
            "filter": "OLT"
          },
          "host": {
            "filter": "OLT01-FIBERHOME"
          },
          "item": {
            "filter": "PON 1/2: 3.temperatura"
          },
          "itemTag": {
            "filter": ""
          },
          "options": {
            "disableDataAlignment": false,
            "showDisabledItems": false,
            "skipEmptyValues": false,
            "useZabbixValueMapping": false
          },
          "proxy": {
            "filter": ""
          },
          "queryType": "0",
          "refId": "A",
          "resultFormat": "time_series",
          "table": {
            "skipEmptyValues": false
          },
          "tags": {
            "filter": ""
          },
          "trigger": {
            "filter": ""
          },
          "triggers": {
            "acknowledged": 2,
            "count": true,
            "minSeverity": 3
          }
        }
      ],
      "type": "bargauge"
    },
    {
      "datasource": {
        "type": "alexanderzobnin-zabbix-datasource",
        "uid": "OwY5lj-nk"
      },
      "fieldConfig": {
        "defaults": {
          "mappings": [],
          "max": 120,
          "min": 1,
          "thresholds": {
            "mode": "absolute",
            "steps": [
              {
                "color": "green",
                "value": null
              },
              {
                "color": "#6ED0E0",
                "value": 20
              },
              {
                "color": "#EAB839",
                "value": 40
              },
              {
                "color": "#EF843C",
                "value": 60
              },
              {
                "color": "#E24D42",
                "value": 80
              },
              {
                "color": "#1F78C1",
                "value": 100
              },
              {
                "color": "#BA43A9",
                "value": 120
              }
            ]
          }
        },
        "overrides": []
      },
      "gridPos": {
        "h": 14,
        "w": 5,
        "x": 0,
        "y": 29
      },
      "id": 16,
      "options": {
        "displayMode": "lcd",
        "minVizHeight": 10,
        "minVizWidth": 0,
        "orientation": "horizontal",
        "reduceOptions": {
          "calcs": [
            "last"
          ],
          "fields": "",
          "values": false
        },
        "showUnfilled": true,
        "text": {}
      },
      "pluginVersion": "8.5.5",
      "targets": [
        {
          "application": {
            "filter": "Dados da pon"
          },
          "datasource": {
            "type": "alexanderzobnin-zabbix-datasource",
            "uid": "OwY5lj-nk"
          },
          "functions": [
            {
              "$$hashKey": "object:336",
              "def": {
                "category": "Alias",
                "defaultParams": [
                  "/(.*)/",
                  "$1"
                ],
                "name": "replaceAlias",
                "params": [
                  {
                    "name": "regexp",
                    "type": "string"
                  },
                  {
                    "name": "newAlias",
                    "type": "string"
                  }
                ]
              },
              "params": [
                "/OLT01-FIBERHOME: PON/",
                "PON"
              ],
              "text": "replaceAlias(/OLT01-FIBERHOME: PON/, PON)"
            }
          ],
          "group": {
            "filter": "OLT"
          },
          "host": {
            "filter": "OLT01-FIBERHOME"
          },
          "item": {
            "filter": "/PON 1/.*/"
          },
          "itemTag": {
            "filter": "pon: pon autorizadas"
          },
          "options": {
            "disableDataAlignment": false,
            "showDisabledItems": false,
            "skipEmptyValues": false,
            "useZabbixValueMapping": false
          },
          "proxy": {
            "filter": ""
          },
          "queryType": "0",
          "refId": "A",
          "resultFormat": "time_series",
          "table": {
            "skipEmptyValues": false
          },
          "tags": {
            "filter": ""
          },
          "trigger": {
            "filter": ""
          },
          "triggers": {
            "acknowledged": 2,
            "count": true,
            "minSeverity": 3
          }
        },
        {
          "application": {
            "filter": "Dados da pon"
          },
          "datasource": {
            "type": "alexanderzobnin-zabbix-datasource",
            "uid": "OwY5lj-nk"
          },
          "functions": [
            {
              "$$hashKey": "object:96",
              "def": {
                "category": "Alias",
                "defaultParams": [],
                "name": "setAlias",
                "params": [
                  {
                    "name": "alias",
                    "type": "string"
                  }
                ]
              },
              "params": [
                "PON2"
              ],
              "text": "setAlias(PON2)"
            }
          ],
          "group": {
            "filter": "OLT"
          },
          "host": {
            "filter": "OLT01-FIBERHOME"
          },
          "item": {
            "filter": ""
          },
          "itemTag": {
            "filter": "Application: Dados da pon"
          },
          "options": {
            "disableDataAlignment": false,
            "showDisabledItems": false,
            "skipEmptyValues": false,
            "useZabbixValueMapping": false
          },
          "proxy": {
            "filter": ""
          },
          "queryType": "0",
          "refId": "B",
          "resultFormat": "time_series",
          "table": {
            "skipEmptyValues": false
          },
          "tags": {
            "filter": ""
          },
          "trigger": {
            "filter": ""
          },
          "triggers": {
            "acknowledged": 2,
            "count": true,
            "minSeverity": 3
          }
        },
        {
          "application": {
            "filter": "Dados da pon"
          },
          "datasource": {
            "type": "alexanderzobnin-zabbix-datasource",
            "uid": "OwY5lj-nk"
          },
          "functions": [
            {
              "$$hashKey": "object:117",
              "def": {
                "category": "Alias",
                "defaultParams": [],
                "name": "setAlias",
                "params": [
                  {
                    "name": "alias",
                    "type": "string"
                  }
                ]
              },
              "params": [
                "PON3"
              ],
              "text": "setAlias(PON3)"
            }
          ],
          "group": {
            "filter": "OLT"
          },
          "host": {
            "filter": "OLT01-FIBERHOME"
          },
          "item": {
            "filter": "PON 1/3 1.onu autorizadas"
          },
          "itemTag": {
            "filter": "Application: Dados da pon"
          },
          "options": {
            "disableDataAlignment": false,
            "showDisabledItems": false,
            "skipEmptyValues": false,
            "useZabbixValueMapping": false
          },
          "proxy": {
            "filter": ""
          },
          "queryType": "0",
          "refId": "C",
          "resultFormat": "time_series",
          "table": {
            "skipEmptyValues": false
          },
          "tags": {
            "filter": ""
          },
          "trigger": {
            "filter": ""
          },
          "triggers": {
            "acknowledged": 2,
            "count": true,
            "minSeverity": 3
          }
        },
        {
          "application": {
            "filter": "Dados da pon"
          },
          "datasource": {
            "type": "alexanderzobnin-zabbix-datasource",
            "uid": "OwY5lj-nk"
          },
          "functions": [
            {
              "$$hashKey": "object:138",
              "def": {
                "category": "Alias",
                "defaultParams": [],
                "name": "setAlias",
                "params": [
                  {
                    "name": "alias",
                    "type": "string"
                  }
                ]
              },
              "params": [
                "PON4"
              ],
              "text": "setAlias(PON4)"
            }
          ],
          "group": {
            "filter": "OLT"
          },
          "host": {
            "filter": "OLT01-FIBERHOME"
          },
          "item": {
            "filter": "PON 1/4 1.onu autorizadas"
          },
          "itemTag": {
            "filter": "Application: Dados da pon"
          },
          "options": {
            "disableDataAlignment": false,
            "showDisabledItems": false,
            "skipEmptyValues": false,
            "useZabbixValueMapping": false
          },
          "proxy": {
            "filter": ""
          },
          "queryType": "0",
          "refId": "D",
          "resultFormat": "time_series",
          "table": {
            "skipEmptyValues": false
          },
          "tags": {
            "filter": ""
          },
          "trigger": {
            "filter": ""
          },
          "triggers": {
            "acknowledged": 2,
            "count": true,
            "minSeverity": 3
          }
        },
        {
          "application": {
            "filter": "Dados da pon"
          },
          "datasource": {
            "type": "alexanderzobnin-zabbix-datasource",
            "uid": "OwY5lj-nk"
          },
          "functions": [
            {
              "$$hashKey": "object:159",
              "def": {
                "category": "Alias",
                "defaultParams": [],
                "name": "setAlias",
                "params": [
                  {
                    "name": "alias",
                    "type": "string"
                  }
                ]
              },
              "params": [
                "PON5"
              ],
              "text": "setAlias(PON5)"
            }
          ],
          "group": {
            "filter": "OLT"
          },
          "host": {
            "filter": "OLT01-FIBERHOME"
          },
          "item": {
            "filter": "PON 1/5 1.onu autorizadas"
          },
          "itemTag": {
            "filter": "Application: Dados da pon"
          },
          "options": {
            "disableDataAlignment": false,
            "showDisabledItems": false,
            "skipEmptyValues": false,
            "useZabbixValueMapping": false
          },
          "proxy": {
            "filter": ""
          },
          "queryType": "0",
          "refId": "E",
          "resultFormat": "time_series",
          "table": {
            "skipEmptyValues": false
          },
          "tags": {
            "filter": ""
          },
          "trigger": {
            "filter": ""
          },
          "triggers": {
            "acknowledged": 2,
            "count": true,
            "minSeverity": 3
          }
        },
        {
          "application": {
            "filter": "Dados da pon"
          },
          "datasource": {
            "type": "alexanderzobnin-zabbix-datasource",
            "uid": "OwY5lj-nk"
          },
          "functions": [
            {
              "$$hashKey": "object:180",
              "def": {
                "category": "Alias",
                "defaultParams": [],
                "name": "setAlias",
                "params": [
                  {
                    "name": "alias",
                    "type": "string"
                  }
                ]
              },
              "params": [
                "PON6"
              ],
              "text": "setAlias(PON6)"
            }
          ],
          "group": {
            "filter": "OLT"
          },
          "host": {
            "filter": "OLT01-FIBERHOME"
          },
          "item": {
            "filter": "PON 1/6 1.onu autorizadas"
          },
          "itemTag": {
            "filter": "Application: Dados da pon"
          },
          "options": {
            "disableDataAlignment": false,
            "showDisabledItems": false,
            "skipEmptyValues": false,
            "useZabbixValueMapping": false
          },
          "proxy": {
            "filter": ""
          },
          "queryType": "0",
          "refId": "F",
          "resultFormat": "time_series",
          "table": {
            "skipEmptyValues": false
          },
          "tags": {
            "filter": ""
          },
          "trigger": {
            "filter": ""
          },
          "triggers": {
            "acknowledged": 2,
            "count": true,
            "minSeverity": 3
          }
        },
        {
          "application": {
            "filter": "Dados da pon"
          },
          "datasource": {
            "type": "alexanderzobnin-zabbix-datasource",
            "uid": "OwY5lj-nk"
          },
          "functions": [
            {
              "$$hashKey": "object:201",
              "def": {
                "category": "Alias",
                "defaultParams": [],
                "name": "setAlias",
                "params": [
                  {
                    "name": "alias",
                    "type": "string"
                  }
                ]
              },
              "params": [
                "PON7"
              ],
              "text": "setAlias(PON7)"
            }
          ],
          "group": {
            "filter": "OLT"
          },
          "host": {
            "filter": "OLT01-FIBERHOME"
          },
          "item": {
            "filter": "PON 1/7 1.onu autorizadas"
          },
          "itemTag": {
            "filter": "Application: Dados da pon"
          },
          "options": {
            "disableDataAlignment": false,
            "showDisabledItems": false,
            "skipEmptyValues": false,
            "useZabbixValueMapping": false
          },
          "proxy": {
            "filter": ""
          },
          "queryType": "0",
          "refId": "G",
          "resultFormat": "time_series",
          "table": {
            "skipEmptyValues": false
          },
          "tags": {
            "filter": ""
          },
          "trigger": {
            "filter": ""
          },
          "triggers": {
            "acknowledged": 2,
            "count": true,
            "minSeverity": 3
          }
        },
        {
          "application": {
            "filter": "Dados da pon"
          },
          "datasource": {
            "type": "alexanderzobnin-zabbix-datasource",
            "uid": "OwY5lj-nk"
          },
          "functions": [
            {
              "$$hashKey": "object:222",
              "def": {
                "category": "Alias",
                "defaultParams": [],
                "name": "setAlias",
                "params": [
                  {
                    "name": "alias",
                    "type": "string"
                  }
                ]
              },
              "params": [
                "PON8"
              ],
              "text": "setAlias(PON8)"
            }
          ],
          "group": {
            "filter": "OLT"
          },
          "host": {
            "filter": "OLT01-FIBERHOME"
          },
          "item": {
            "filter": "PON 1/8 1.onu autorizadas"
          },
          "itemTag": {
            "filter": "Application: Dados da pon"
          },
          "options": {
            "disableDataAlignment": false,
            "showDisabledItems": false,
            "skipEmptyValues": false,
            "useZabbixValueMapping": false
          },
          "proxy": {
            "filter": ""
          },
          "queryType": "0",
          "refId": "H",
          "resultFormat": "time_series",
          "table": {
            "skipEmptyValues": false
          },
          "tags": {
            "filter": ""
          },
          "trigger": {
            "filter": ""
          },
          "triggers": {
            "acknowledged": 2,
            "count": true,
            "minSeverity": 3
          }
        },
        {
          "application": {
            "filter": "Dados da pon"
          },
          "datasource": {
            "type": "alexanderzobnin-zabbix-datasource",
            "uid": "OwY5lj-nk"
          },
          "functions": [
            {
              "$$hashKey": "object:243",
              "def": {
                "category": "Alias",
                "defaultParams": [],
                "name": "setAlias",
                "params": [
                  {
                    "name": "alias",
                    "type": "string"
                  }
                ]
              },
              "params": [
                "PON9"
              ],
              "text": "setAlias(PON9)"
            }
          ],
          "group": {
            "filter": "OLT"
          },
          "hide": false,
          "host": {
            "filter": "OLT01-FIBERHOME"
          },
          "item": {
            "filter": "PON 1/9 1.onu autorizadas"
          },
          "itemTag": {
            "filter": "Application: Dados da pon"
          },
          "options": {
            "disableDataAlignment": false,
            "showDisabledItems": false,
            "skipEmptyValues": false,
            "useZabbixValueMapping": false
          },
          "proxy": {
            "filter": ""
          },
          "queryType": "0",
          "refId": "I",
          "resultFormat": "time_series",
          "table": {
            "skipEmptyValues": false
          },
          "tags": {
            "filter": ""
          },
          "trigger": {
            "filter": ""
          },
          "triggers": {
            "acknowledged": 2,
            "count": true,
            "minSeverity": 3
          }
        },
        {
          "application": {
            "filter": "Dados da pon"
          },
          "datasource": {
            "type": "alexanderzobnin-zabbix-datasource",
            "uid": "OwY5lj-nk"
          },
          "functions": [
            {
              "$$hashKey": "object:264",
              "def": {
                "category": "Alias",
                "defaultParams": [],
                "name": "setAlias",
                "params": [
                  {
                    "name": "alias",
                    "type": "string"
                  }
                ]
              },
              "params": [
                "PON10"
              ],
              "text": "setAlias(PON10)"
            }
          ],
          "group": {
            "filter": "OLT"
          },
          "hide": false,
          "host": {
            "filter": "OLT01-FIBERHOME"
          },
          "item": {
            "filter": "PON 1/10 1.onu autorizadas"
          },
          "itemTag": {
            "filter": "Application: Dados da pon"
          },
          "options": {
            "disableDataAlignment": false,
            "showDisabledItems": false,
            "skipEmptyValues": false,
            "useZabbixValueMapping": false
          },
          "proxy": {
            "filter": ""
          },
          "queryType": "0",
          "refId": "J",
          "resultFormat": "time_series",
          "table": {
            "skipEmptyValues": false
          },
          "tags": {
            "filter": ""
          },
          "trigger": {
            "filter": ""
          },
          "triggers": {
            "acknowledged": 2,
            "count": true,
            "minSeverity": 3
          }
        },
        {
          "application": {
            "filter": "Dados da pon"
          },
          "datasource": {
            "type": "alexanderzobnin-zabbix-datasource",
            "uid": "OwY5lj-nk"
          },
          "functions": [
            {
              "$$hashKey": "object:285",
              "def": {
                "category": "Alias",
                "defaultParams": [],
                "name": "setAlias",
                "params": [
                  {
                    "name": "alias",
                    "type": "string"
                  }
                ]
              },
              "params": [
                "PON11"
              ],
              "text": "setAlias(PON11)"
            }
          ],
          "group": {
            "filter": "OLT"
          },
          "hide": false,
          "host": {
            "filter": "OLT01-FIBERHOME"
          },
          "item": {
            "filter": "PON 1/11 1.onu autorizadas"
          },
          "itemTag": {
            "filter": "Application: Dados da pon"
          },
          "options": {
            "disableDataAlignment": false,
            "showDisabledItems": false,
            "skipEmptyValues": false,
            "useZabbixValueMapping": false
          },
          "proxy": {
            "filter": ""
          },
          "queryType": "0",
          "refId": "K",
          "resultFormat": "time_series",
          "table": {
            "skipEmptyValues": false
          },
          "tags": {
            "filter": ""
          },
          "trigger": {
            "filter": ""
          },
          "triggers": {
            "acknowledged": 2,
            "count": true,
            "minSeverity": 3
          }
        },
        {
          "application": {
            "filter": "Dados da pon"
          },
          "datasource": {
            "type": "alexanderzobnin-zabbix-datasource",
            "uid": "OwY5lj-nk"
          },
          "functions": [
            {
              "$$hashKey": "object:357",
              "def": {
                "category": "Alias",
                "defaultParams": [],
                "name": "setAlias",
                "params": [
                  {
                    "name": "alias",
                    "type": "string"
                  }
                ]
              },
              "params": [
                "PON12"
              ],
              "text": "setAlias(PON12)"
            }
          ],
          "group": {
            "filter": "OLT"
          },
          "hide": false,
          "host": {
            "filter": "OLT01-FIBERHOME"
          },
          "item": {
            "filter": "PON 1/12 1.onu autorizadas"
          },
          "itemTag": {
            "filter": "Application: Dados da pon"
          },
          "options": {
            "disableDataAlignment": false,
            "showDisabledItems": false,
            "skipEmptyValues": false,
            "useZabbixValueMapping": false
          },
          "proxy": {
            "filter": ""
          },
          "queryType": "0",
          "refId": "L",
          "resultFormat": "time_series",
          "table": {
            "skipEmptyValues": false
          },
          "tags": {
            "filter": ""
          },
          "trigger": {
            "filter": ""
          },
          "triggers": {
            "acknowledged": 2,
            "count": true,
            "minSeverity": 3
          }
        },
        {
          "application": {
            "filter": "Dados da pon"
          },
          "datasource": {
            "type": "alexanderzobnin-zabbix-datasource",
            "uid": "OwY5lj-nk"
          },
          "functions": [
            {
              "$$hashKey": "object:378",
              "def": {
                "category": "Alias",
                "defaultParams": [],
                "name": "setAlias",
                "params": [
                  {
                    "name": "alias",
                    "type": "string"
                  }
                ]
              },
              "params": [
                "PON13"
              ],
              "text": "setAlias(PON13)"
            }
          ],
          "group": {
            "filter": "OLT"
          },
          "hide": false,
          "host": {
            "filter": "OLT01-FIBERHOME"
          },
          "item": {
            "filter": "PON 1/13 1.onu autorizadas"
          },
          "itemTag": {
            "filter": "Application: Dados da pon"
          },
          "options": {
            "disableDataAlignment": false,
            "showDisabledItems": false,
            "skipEmptyValues": false,
            "useZabbixValueMapping": false
          },
          "proxy": {
            "filter": ""
          },
          "queryType": "0",
          "refId": "M",
          "resultFormat": "time_series",
          "table": {
            "skipEmptyValues": false
          },
          "tags": {
            "filter": ""
          },
          "trigger": {
            "filter": ""
          },
          "triggers": {
            "acknowledged": 2,
            "count": true,
            "minSeverity": 3
          }
        },
        {
          "application": {
            "filter": "Dados da pon"
          },
          "datasource": {
            "type": "alexanderzobnin-zabbix-datasource",
            "uid": "OwY5lj-nk"
          },
          "functions": [
            {
              "$$hashKey": "object:399",
              "def": {
                "category": "Alias",
                "defaultParams": [],
                "name": "setAlias",
                "params": [
                  {
                    "name": "alias",
                    "type": "string"
                  }
                ]
              },
              "params": [
                "PON14"
              ],
              "text": "setAlias(PON14)"
            }
          ],
          "group": {
            "filter": "OLT"
          },
          "hide": false,
          "host": {
            "filter": "OLT01-FIBERHOME"
          },
          "item": {
            "filter": "PON 1/14 1.onu autorizadas"
          },
          "itemTag": {
            "filter": "Application: Dados da pon"
          },
          "options": {
            "disableDataAlignment": false,
            "showDisabledItems": false,
            "skipEmptyValues": false,
            "useZabbixValueMapping": false
          },
          "proxy": {
            "filter": ""
          },
          "queryType": "0",
          "refId": "N",
          "resultFormat": "time_series",
          "table": {
            "skipEmptyValues": false
          },
          "tags": {
            "filter": ""
          },
          "trigger": {
            "filter": ""
          },
          "triggers": {
            "acknowledged": 2,
            "count": true,
            "minSeverity": 3
          }
        },
        {
          "application": {
            "filter": "Dados da pon"
          },
          "datasource": {
            "type": "alexanderzobnin-zabbix-datasource",
            "uid": "OwY5lj-nk"
          },
          "functions": [
            {
              "$$hashKey": "object:420",
              "def": {
                "category": "Alias",
                "defaultParams": [],
                "name": "setAlias",
                "params": [
                  {
                    "name": "alias",
                    "type": "string"
                  }
                ]
              },
              "params": [
                "PON15"
              ],
              "text": "setAlias(PON15)"
            }
          ],
          "group": {
            "filter": "OLT"
          },
          "hide": false,
          "host": {
            "filter": "OLT01-FIBERHOME"
          },
          "item": {
            "filter": "PON 1/15 1.onu autorizadas"
          },
          "itemTag": {
            "filter": "Application: Dados da pon"
          },
          "options": {
            "disableDataAlignment": false,
            "showDisabledItems": false,
            "skipEmptyValues": false,
            "useZabbixValueMapping": false
          },
          "proxy": {
            "filter": ""
          },
          "queryType": "0",
          "refId": "O",
          "resultFormat": "time_series",
          "table": {
            "skipEmptyValues": false
          },
          "tags": {
            "filter": ""
          },
          "trigger": {
            "filter": ""
          },
          "triggers": {
            "acknowledged": 2,
            "count": true,
            "minSeverity": 3
          }
        },
        {
          "application": {
            "filter": "Dados da pon"
          },
          "datasource": {
            "type": "alexanderzobnin-zabbix-datasource",
            "uid": "OwY5lj-nk"
          },
          "functions": [
            {
              "$$hashKey": "object:441",
              "def": {
                "category": "Alias",
                "defaultParams": [],
                "name": "setAlias",
                "params": [
                  {
                    "name": "alias",
                    "type": "string"
                  }
                ]
              },
              "params": [
                "PON16"
              ],
              "text": "setAlias(PON16)"
            }
          ],
          "group": {
            "filter": "OLT"
          },
          "hide": false,
          "host": {
            "filter": "OLT01-FIBERHOME"
          },
          "item": {
            "filter": "PON 1/16 1.onu autorizadas"
          },
          "itemTag": {
            "filter": "Application: Dados da pon"
          },
          "options": {
            "disableDataAlignment": false,
            "showDisabledItems": false,
            "skipEmptyValues": false,
            "useZabbixValueMapping": false
          },
          "proxy": {
            "filter": ""
          },
          "queryType": "0",
          "refId": "P",
          "resultFormat": "time_series",
          "table": {
            "skipEmptyValues": false
          },
          "tags": {
            "filter": ""
          },
          "trigger": {
            "filter": ""
          },
          "triggers": {
            "acknowledged": 2,
            "count": true,
            "minSeverity": 3
          }
        }
      ],
      "title": "PLACA 1",
      "type": "bargauge"
    },
    {
      "datasource": {
        "type": "alexanderzobnin-zabbix-datasource",
        "uid": "OwY5lj-nk"
      },
      "fieldConfig": {
        "defaults": {
          "mappings": [],
          "max": 120,
          "min": 1,
          "thresholds": {
            "mode": "absolute",
            "steps": [
              {
                "color": "green",
                "value": null
              },
              {
                "color": "#6ED0E0",
                "value": 20
              },
              {
                "color": "#EAB839",
                "value": 40
              },
              {
                "color": "#EF843C",
                "value": 60
              },
              {
                "color": "#E24D42",
                "value": 80
              },
              {
                "color": "#1F78C1",
                "value": 100
              },
              {
                "color": "#BA43A9",
                "value": 120
              }
            ]
          }
        },
        "overrides": []
      },
      "gridPos": {
        "h": 14,
        "w": 5,
        "x": 5,
        "y": 29
      },
      "id": 17,
      "options": {
        "displayMode": "lcd",
        "minVizHeight": 10,
        "minVizWidth": 0,
        "orientation": "horizontal",
        "reduceOptions": {
          "calcs": [
            "last"
          ],
          "fields": "",
          "values": false
        },
        "showUnfilled": true,
        "text": {}
      },
      "pluginVersion": "8.5.5",
      "targets": [
        {
          "application": {
            "filter": ""
          },
          "datasource": {
            "type": "alexanderzobnin-zabbix-datasource",
            "uid": "OwY5lj-nk"
          },
          "functions": [
            {
              "$$hashKey": "object:468",
              "def": {
                "category": "Alias",
                "defaultParams": [
                  "/(.*)/",
                  "$1"
                ],
                "name": "replaceAlias",
                "params": [
                  {
                    "name": "regexp",
                    "type": "string"
                  },
                  {
                    "name": "newAlias",
                    "type": "string"
                  }
                ]
              },
              "params": [
                "/OLT01-FIBERHOME: PON/",
                "PON"
              ],
              "text": "replaceAlias(/OLT01-FIBERHOME: PON/, PON)"
            }
          ],
          "group": {
            "filter": "FIBERHOME"
          },
          "hide": false,
          "host": {
            "filter": "OLT01-FIBERHOME"
          },
          "item": {
            "filter": "/PON 2/.*/"
          },
          "itemTag": {
            "filter": "pon: pon autorizadas"
          },
          "options": {
            "disableDataAlignment": false,
            "showDisabledItems": false,
            "skipEmptyValues": false,
            "useZabbixValueMapping": false
          },
          "proxy": {
            "filter": ""
          },
          "queryType": "0",
          "refId": "A",
          "resultFormat": "time_series",
          "table": {
            "skipEmptyValues": false
          },
          "tags": {
            "filter": ""
          },
          "trigger": {
            "filter": ""
          },
          "triggers": {
            "acknowledged": 2,
            "count": true,
            "minSeverity": 3
          }
        }
      ],
      "title": "PLACA 2",
      "type": "bargauge"
    },
    {
      "collapsed": false,
      "datasource": {
        "type": "alexanderzobnin-zabbix-datasource",
        "uid": "OwY5lj-nk"
      },
      "gridPos": {
        "h": 1,
        "w": 24,
        "x": 0,
        "y": 43
      },
      "id": 57,
      "panels": [],
      "title": "BD",
      "type": "row"
    },
    {
      "datasource": {
        "type": "mysql",
        "uid": "cK9YeN-nk"
      },
      "fieldConfig": {
        "defaults": {
          "color": {
            "mode": "thresholds"
          },
          "custom": {
            "align": "center",
            "displayMode": "auto",
            "filterable": false,
            "inspect": false
          },
          "mappings": [],
          "thresholds": {
            "mode": "absolute",
            "steps": [
              {
                "color": "dark-red",
                "value": null
              }
            ]
          }
        },
        "overrides": []
      },
      "gridPos": {
        "h": 12,
        "w": 24,
        "x": 0,
        "y": 44
      },
      "id": 55,
      "options": {
        "footer": {
          "fields": "",
          "reducer": [
            "sum"
          ],
          "show": false
        },
        "showHeader": true,
        "sortBy": [
          {
            "desc": true,
            "displayName": "TOTAL ONU OFFLINE ⚠️"
          }
        ]
      },
      "pluginVersion": "8.5.5",
      "targets": [
        {
          "datasource": {
            "type": "mysql",
            "uid": "cK9YeN-nk"
          },
          "format": "table",
          "group": [],
          "metricColumn": "none",
          "rawQuery": true,
          "rawSql": "SELECT host  FROM hosts where status <> 3\n\n\n",
          "refId": "A",
          "select": [
            [
              {
                "params": [
                  "value"
                ],
                "type": "column"
              }
            ]
          ],
          "timeColumn": "time",
          "where": [
            {
              "name": "$__timeFilter",
              "params": [],
              "type": "macro"
            }
          ]
        }
      ],
      "title": "Select Limite 5",
      "type": "table"
    }
  ],
  "refresh": "",
  "schemaVersion": 36,
  "style": "dark",
  "tags": [
    "ONLINE",
    "OFFLINE",
    "UPLOAD",
    "DONWLOAD"
  ],
  "templating": {
    "list": []
  },
  "time": {
    "from": "now-6h",
    "to": "now"
  },
  "timepicker": {
    "refresh_intervals": [
      "10s",
      "30s",
      "1m",
      "5m",
      "15m",
      "30m",
      "1h",
      "2h",
      "1d"
    ]
  },
  "timezone": "",
  "title": "[GPON] OLT -  01",
  "uid": "XyBqAhG7k",
  "version": 13,
  "weekStart": ""
}