{
  "annotations": {
    "list": [
      {
        "builtIn": 1,
        "datasource": {
          "type": "datasource",
          "uid": "grafana"
        },
        "enable": true,
        "hide": true,
        "iconColor": "rgba(0, 211, 255, 1)",
        "name": "Annotations & Alerts",
        "target": {
          "limit": 100,
          "matchAny": false,
          "tags": [],
          "type": "dashboard"
        },
        "type": "dashboard"
      }
    ]
  },
  "editable": true,
  "fiscalYearStartMonth": 0,
  "graphTooltip": 0,
  "id": 10,
  "links": [],
  "liveNow": false,
  "panels": [
    {
      "datasource": {
        "type": "alexanderzobnin-zabbix-datasource",
        "uid": "jXdIVyg4k"
      },
      "gridPos": {
        "h": 2,
        "w": 24,
        "x": 0,
        "y": 0
      },
      "id": 2,
      "options": {
        "content": "<div style=\"font-size:30px;text-align:center;font-family:Arial;background:green;color:white\">MONITORAMENTO OLT</div>",
        "mode": "html"
      },
      "pluginVersion": "9.0.4",
      "targets": [
        {
          "application": {
            "filter": ""
          },
          "datasource": {
            "type": "alexanderzobnin-zabbix-datasource",
            "uid": "jXdIVyg4k"
          },
          "functions": [],
          "group": {
            "filter": ""
          },
          "host": {
            "filter": ""
          },
          "item": {
            "filter": ""
          },
          "options": {
            "showDisabledItems": false,
            "skipEmptyValues": false
          },
          "proxy": {
            "filter": ""
          },
          "queryType": 0,
          "refId": "A",
          "resultFormat": "time_series",
          "table": {
            "skipEmptyValues": false
          },
          "tags": {
            "filter": ""
          },
          "trigger": {
            "filter": ""
          },
          "triggers": {
            "acknowledged": 2,
            "count": true,
            "minSeverity": 3
          }
        }
      ],
      "transparent": true,
      "type": "text"
    },
    {
      "datasource": {
        "type": "alexanderzobnin-zabbix-datasource",
        "uid": "jXdIVyg4k"
      },
      "fieldConfig": {
        "defaults": {
          "displayName": "Memoria",
          "mappings": [
            {
              "options": {
                "1": {
                  "text": "NORMAL"
                }
              },
              "type": "value"
            }
          ],
          "thresholds": {
            "mode": "absolute",
            "steps": [
              {
                "color": "dark-blue",
                "value": null
              },
              {
                "color": "light-green",
                "value": 1
              },
              {
                "color": "#EAB839",
                "value": 66
              }
            ]
          },
          "unit": "percent"
        },
        "overrides": []
      },
      "gridPos": {
        "h": 3,
        "w": 5,
        "x": 0,
        "y": 2
      },
      "id": 41,
      "options": {
        "colorMode": "background",
        "graphMode": "none",
        "justifyMode": "auto",
        "orientation": "auto",
        "reduceOptions": {
          "calcs": [
            "lastNotNull"
          ],
          "fields": "",
          "values": false
        },
        "text": {},
        "textMode": "auto"
      },
      "pluginVersion": "9.0.4",
      "targets": [
        {
          "application": {
            "filter": ""
          },
          "datasource": {
            "type": "alexanderzobnin-zabbix-datasource",
            "uid": "jXdIVyg4k"
          },
          "functions": [],
          "group": {
            "filter": "HUAWEI"
          },
          "host": {
            "filter": "$OLT"
          },
          "item": {
            "filter": "Memória %"
          },
          "itemTag": {
            "filter": ""
          },
          "options": {
            "disableDataAlignment": false,
            "showDisabledItems": false,
            "skipEmptyValues": false,
            "useZabbixValueMapping": false
          },
          "proxy": {
            "filter": ""
          },
          "queryType": "0",
          "refId": "A",
          "resultFormat": "time_series",
          "table": {
            "skipEmptyValues": false
          },
          "tags": {
            "filter": ""
          },
          "trigger": {
            "filter": ""
          },
          "triggers": {
            "acknowledged": 2,
            "count": true,
            "minSeverity": 3
          }
        }
      ],
      "type": "stat"
    },
    {
      "datasource": {
        "type": "alexanderzobnin-zabbix-datasource",
        "uid": "jXdIVyg4k"
      },
      "fieldConfig": {
        "defaults": {
          "displayName": "Temperatura",
          "mappings": [],
          "thresholds": {
            "mode": "absolute",
            "steps": [
              {
                "color": "green",
                "value": null
              },
              {
                "color": "#EAB839",
                "value": 30
              }
            ]
          },
          "unit": "celsius"
        },
        "overrides": []
      },
      "gridPos": {
        "h": 3,
        "w": 5,
        "x": 5,
        "y": 2
      },
      "id": 42,
      "options": {
        "colorMode": "background",
        "graphMode": "none",
        "justifyMode": "auto",
        "orientation": "auto",
        "reduceOptions": {
          "calcs": [
            "lastNotNull"
          ],
          "fields": "",
          "values": false
        },
        "text": {},
        "textMode": "auto"
      },
      "pluginVersion": "9.0.4",
      "targets": [
        {
          "application": {
            "filter": ""
          },
          "datasource": {
            "type": "alexanderzobnin-zabbix-datasource",
            "uid": "jXdIVyg4k"
          },
          "functions": [],
          "group": {
            "filter": "HUAWEI"
          },
          "host": {
            "filter": "$OLT"
          },
          "item": {
            "filter": "Temperatura"
          },
          "itemTag": {
            "filter": ""
          },
          "options": {
            "disableDataAlignment": false,
            "showDisabledItems": false,
            "skipEmptyValues": false,
            "useZabbixValueMapping": false
          },
          "proxy": {
            "filter": ""
          },
          "queryType": "0",
          "refId": "A",
          "resultFormat": "time_series",
          "table": {
            "skipEmptyValues": false
          },
          "tags": {
            "filter": ""
          },
          "trigger": {
            "filter": ""
          },
          "triggers": {
            "acknowledged": 2,
            "count": true,
            "minSeverity": 3
          }
        }
      ],
      "type": "stat"
    },
    {
      "datasource": {
        "type": "alexanderzobnin-zabbix-datasource",
        "uid": "jXdIVyg4k"
      },
      "fieldConfig": {
        "defaults": {
          "displayName": "CPU",
          "mappings": [],
          "thresholds": {
            "mode": "absolute",
            "steps": [
              {
                "color": "dark-green",
                "value": null
              },
              {
                "color": "#EAB839",
                "value": 10
              }
            ]
          },
          "unit": "percent"
        },
        "overrides": []
      },
      "gridPos": {
        "h": 3,
        "w": 5,
        "x": 10,
        "y": 2
      },
      "id": 58,
      "options": {
        "colorMode": "background",
        "graphMode": "none",
        "justifyMode": "auto",
        "orientation": "auto",
        "reduceOptions": {
          "calcs": [
            "lastNotNull"
          ],
          "fields": "",
          "values": false
        },
        "text": {},
        "textMode": "auto"
      },
      "pluginVersion": "9.0.4",
      "targets": [
        {
          "application": {
            "filter": ""
          },
          "datasource": {
            "type": "alexanderzobnin-zabbix-datasource",
            "uid": "jXdIVyg4k"
          },
          "functions": [],
          "group": {
            "filter": "HUAWEI"
          },
          "host": {
            "filter": "$OLT"
          },
          "item": {
            "filter": "CPU %"
          },
          "itemTag": {
            "filter": ""
          },
          "options": {
            "disableDataAlignment": false,
            "showDisabledItems": false,
            "skipEmptyValues": false,
            "useZabbixValueMapping": false
          },
          "proxy": {
            "filter": ""
          },
          "queryType": "0",
          "refId": "A",
          "resultFormat": "time_series",
          "table": {
            "skipEmptyValues": false
          },
          "tags": {
            "filter": ""
          },
          "trigger": {
            "filter": ""
          },
          "triggers": {
            "acknowledged": 2,
            "count": true,
            "minSeverity": 3
          }
        }
      ],
      "type": "stat"
    },
    {
      "datasource": {
        "type": "alexanderzobnin-zabbix-datasource",
        "uid": "jXdIVyg4k"
      },
      "fieldConfig": {
        "defaults": {
          "displayName": "UPTIME",
          "mappings": [],
          "thresholds": {
            "mode": "absolute",
            "steps": [
              {
                "color": "super-light-red",
                "value": null
              }
            ]
          },
          "unit": "s"
        },
        "overrides": []
      },
      "gridPos": {
        "h": 3,
        "w": 4,
        "x": 15,
        "y": 2
      },
      "id": 59,
      "options": {
        "colorMode": "background",
        "graphMode": "none",
        "justifyMode": "auto",
        "orientation": "auto",
        "reduceOptions": {
          "calcs": [
            "lastNotNull"
          ],
          "fields": "",
          "values": false
        },
        "text": {},
        "textMode": "auto"
      },
      "pluginVersion": "9.0.4",
      "targets": [
        {
          "application": {
            "filter": ""
          },
          "datasource": {
            "type": "alexanderzobnin-zabbix-datasource",
            "uid": "jXdIVyg4k"
          },
          "functions": [],
          "group": {
            "filter": "HUAWEI"
          },
          "host": {
            "filter": "$OLT"
          },
          "item": {
            "filter": "Uptime"
          },
          "itemTag": {
            "filter": "Application: Status"
          },
          "options": {
            "disableDataAlignment": false,
            "showDisabledItems": false,
            "skipEmptyValues": false,
            "useZabbixValueMapping": false
          },
          "proxy": {
            "filter": ""
          },
          "queryType": "0",
          "refId": "A",
          "resultFormat": "time_series",
          "table": {
            "skipEmptyValues": false
          },
          "tags": {
            "filter": ""
          },
          "trigger": {
            "filter": ""
          },
          "triggers": {
            "acknowledged": 2,
            "count": true,
            "minSeverity": 3
          }
        }
      ],
      "type": "stat"
    },
    {
      "datasource": {
        "type": "alexanderzobnin-zabbix-datasource",
        "uid": "jXdIVyg4k"
      },
      "fieldConfig": {
        "defaults": {
          "mappings": [],
          "thresholds": {
            "mode": "absolute",
            "steps": [
              {
                "color": "yellow",
                "value": null
              }
            ]
          },
          "unit": "none"
        },
        "overrides": []
      },
      "gridPos": {
        "h": 3,
        "w": 4,
        "x": 19,
        "y": 2
      },
      "id": 60,
      "options": {
        "colorMode": "background",
        "graphMode": "none",
        "justifyMode": "auto",
        "orientation": "auto",
        "reduceOptions": {
          "calcs": [
            "lastNotNull"
          ],
          "fields": "",
          "values": false
        },
        "text": {},
        "textMode": "auto"
      },
      "pluginVersion": "9.0.4",
      "targets": [
        {
          "application": {
            "filter": ""
          },
          "datasource": {
            "type": "alexanderzobnin-zabbix-datasource",
            "uid": "jXdIVyg4k"
          },
          "functions": [],
          "group": {
            "filter": "HUAWEI"
          },
          "host": {
            "filter": "$OLT"
          },
          "item": {
            "filter": "total"
          },
          "itemTag": {
            "filter": ""
          },
          "options": {
            "disableDataAlignment": false,
            "showDisabledItems": false,
            "skipEmptyValues": false,
            "useZabbixValueMapping": false
          },
          "proxy": {
            "filter": ""
          },
          "queryType": "0",
          "refId": "A",
          "resultFormat": "time_series",
          "table": {
            "skipEmptyValues": false
          },
          "tags": {
            "filter": ""
          },
          "trigger": {
            "filter": ""
          },
          "triggers": {
            "acknowledged": 2,
            "count": true,
            "minSeverity": 3
          }
        }
      ],
      "type": "stat"
    },
    {
      "datasource": {
        "type": "alexanderzobnin-zabbix-datasource",
        "uid": "jXdIVyg4k"
      },
      "gridPos": {
        "h": 2,
        "w": 24,
        "x": 0,
        "y": 5
      },
      "id": 22,
      "options": {
        "content": "<div style=\"font-size:20px;text-align:center;font-family:Arial;background:blue;color:white\">INFORMAÇÕES DAS PORTAS PON</div>",
        "mode": "html"
      },
      "pluginVersion": "9.0.4",
      "targets": [
        {
          "application": {
            "filter": ""
          },
          "datasource": {
            "type": "alexanderzobnin-zabbix-datasource",
            "uid": "jXdIVyg4k"
          },
          "functions": [],
          "group": {
            "filter": ""
          },
          "host": {
            "filter": ""
          },
          "item": {
            "filter": ""
          },
          "options": {
            "showDisabledItems": false,
            "skipEmptyValues": false
          },
          "proxy": {
            "filter": ""
          },
          "queryType": 0,
          "refId": "A",
          "resultFormat": "time_series",
          "table": {
            "skipEmptyValues": false
          },
          "tags": {
            "filter": ""
          },
          "trigger": {
            "filter": ""
          },
          "triggers": {
            "acknowledged": 2,
            "count": true,
            "minSeverity": 3
          }
        }
      ],
      "transparent": true,
      "type": "text"
    },
    {
      "datasource": {
        "type": "alexanderzobnin-zabbix-datasource",
        "uid": "jXdIVyg4k"
      },
      "fieldConfig": {
        "defaults": {
          "color": {
            "mode": "thresholds"
          },
          "mappings": [],
          "thresholds": {
            "mode": "absolute",
            "steps": [
              {
                "color": "green",
                "value": null
              },
              {
                "color": "#6ED0E0",
                "value": 20
              },
              {
                "color": "#EAB839",
                "value": 40
              },
              {
                "color": "#EF843C",
                "value": 60
              },
              {
                "color": "#E24D42",
                "value": 80
              },
              {
                "color": "#1F78C1",
                "value": 100
              },
              {
                "color": "#BA43A9",
                "value": 120
              }
            ]
          },
          "unit": "none"
        },
        "overrides": []
      },
      "gridPos": {
        "h": 9,
        "w": 24,
        "x": 0,
        "y": 7
      },
      "id": 52,
      "options": {
        "colorMode": "background",
        "graphMode": "none",
        "justifyMode": "center",
        "orientation": "auto",
        "reduceOptions": {
          "calcs": [
            "lastNotNull"
          ],
          "fields": "",
          "values": false
        },
        "text": {
          "titleSize": 11,
          "valueSize": 35
        },
        "textMode": "auto"
      },
      "pluginVersion": "9.0.4",
      "targets": [
        {
          "application": {
            "filter": ""
          },
          "datasource": {
            "type": "alexanderzobnin-zabbix-datasource",
            "uid": "jXdIVyg4k"
          },
          "functions": [],
          "group": {
            "filter": "HUAWEI"
          },
          "host": {
            "filter": "$OLT"
          },
          "item": {
            "filter": "/Total.*/"
          },
          "itemTag": {
            "filter": "/pon.*/"
          },
          "options": {
            "disableDataAlignment": false,
            "showDisabledItems": false,
            "skipEmptyValues": false,
            "useZabbixValueMapping": false
          },
          "proxy": {
            "filter": ""
          },
          "queryType": "0",
          "refId": "A",
          "resultFormat": "time_series",
          "table": {
            "skipEmptyValues": false
          },
          "tags": {
            "filter": ""
          },
          "trigger": {
            "filter": ""
          },
          "triggers": {
            "acknowledged": 2,
            "count": true,
            "minSeverity": 3
          }
        }
      ],
      "type": "stat"
    },
    {
      "collapsed": true,
      "datasource": {
        "type": "alexanderzobnin-zabbix-datasource",
        "uid": "jXdIVyg4k"
      },
      "gridPos": {
        "h": 1,
        "w": 24,
        "x": 0,
        "y": 16
      },
      "id": 8,
      "panels": [
        {
          "datasource": {
            "type": "alexanderzobnin-zabbix-datasource",
            "uid": "jXdIVyg4k"
          },
          "fieldConfig": {
            "defaults": {
              "displayName": "TOTAL ONU CADASTRADAS",
              "mappings": [],
              "thresholds": {
                "mode": "absolute",
                "steps": [
                  {
                    "color": "#4da3e6"
                  }
                ]
              }
            },
            "overrides": []
          },
          "gridPos": {
            "h": 4,
            "w": 5,
            "x": 0,
            "y": 17
          },
          "id": 49,
          "options": {
            "colorMode": "background",
            "graphMode": "none",
            "justifyMode": "center",
            "orientation": "auto",
            "reduceOptions": {
              "calcs": [
                "lastNotNull"
              ],
              "fields": "",
              "values": false
            },
            "text": {},
            "textMode": "auto"
          },
          "pluginVersion": "9.0.4",
          "targets": [
            {
              "application": {
                "filter": "Status Clientes"
              },
              "datasource": {
                "type": "alexanderzobnin-zabbix-datasource",
                "uid": "jXdIVyg4k"
              },
              "functions": [],
              "group": {
                "filter": "HUAWEI"
              },
              "host": {
                "filter": "$OLT"
              },
              "item": {
                "filter": "total"
              },
              "itemTag": {
                "filter": ""
              },
              "options": {
                "disableDataAlignment": false,
                "showDisabledItems": false,
                "skipEmptyValues": false,
                "useZabbixValueMapping": false
              },
              "proxy": {
                "filter": ""
              },
              "queryType": "0",
              "refId": "A",
              "resultFormat": "time_series",
              "table": {
                "skipEmptyValues": false
              },
              "tags": {
                "filter": ""
              },
              "trigger": {
                "filter": ""
              },
              "triggers": {
                "acknowledged": 2,
                "count": true,
                "minSeverity": 3
              }
            }
          ],
          "transparent": true,
          "type": "stat"
        },
        {
          "datasource": {
            "type": "alexanderzobnin-zabbix-datasource",
            "uid": "jXdIVyg4k"
          },
          "fieldConfig": {
            "defaults": {
              "displayName": "ONU ONLINE 💹",
              "mappings": [],
              "thresholds": {
                "mode": "absolute",
                "steps": [
                  {
                    "color": "green"
                  }
                ]
              }
            },
            "overrides": []
          },
          "gridPos": {
            "h": 4,
            "w": 5,
            "x": 10,
            "y": 17
          },
          "id": 4,
          "options": {
            "colorMode": "background",
            "graphMode": "none",
            "justifyMode": "center",
            "orientation": "auto",
            "reduceOptions": {
              "calcs": [
                "lastNotNull"
              ],
              "fields": "",
              "values": false
            },
            "text": {},
            "textMode": "auto"
          },
          "pluginVersion": "9.0.4",
          "targets": [
            {
              "application": {
                "filter": "Status Clientes"
              },
              "datasource": {
                "type": "alexanderzobnin-zabbix-datasource",
                "uid": "jXdIVyg4k"
              },
              "functions": [],
              "group": {
                "filter": "HUAWEI"
              },
              "host": {
                "filter": "$OLT"
              },
              "item": {
                "filter": "online"
              },
              "itemTag": {
                "filter": ""
              },
              "options": {
                "disableDataAlignment": false,
                "showDisabledItems": false,
                "skipEmptyValues": false,
                "useZabbixValueMapping": false
              },
              "proxy": {
                "filter": ""
              },
              "queryType": "0",
              "refId": "A",
              "resultFormat": "time_series",
              "table": {
                "skipEmptyValues": false
              },
              "tags": {
                "filter": ""
              },
              "trigger": {
                "filter": ""
              },
              "triggers": {
                "acknowledged": 2,
                "count": true,
                "minSeverity": 3
              }
            }
          ],
          "type": "stat"
        },
        {
          "datasource": {
            "type": "alexanderzobnin-zabbix-datasource",
            "uid": "jXdIVyg4k"
          },
          "fieldConfig": {
            "defaults": {
              "displayName": "TOTAL ONU OFFLINE ⚠️",
              "mappings": [],
              "thresholds": {
                "mode": "absolute",
                "steps": [
                  {
                    "color": "dark-red"
                  }
                ]
              }
            },
            "overrides": []
          },
          "gridPos": {
            "h": 4,
            "w": 4,
            "x": 20,
            "y": 17
          },
          "id": 6,
          "options": {
            "colorMode": "background",
            "graphMode": "none",
            "justifyMode": "center",
            "orientation": "auto",
            "reduceOptions": {
              "calcs": [
                "lastNotNull"
              ],
              "fields": "",
              "values": false
            },
            "text": {},
            "textMode": "auto"
          },
          "pluginVersion": "9.0.4",
          "targets": [
            {
              "application": {
                "filter": "Status Clientes"
              },
              "datasource": {
                "type": "alexanderzobnin-zabbix-datasource",
                "uid": "jXdIVyg4k"
              },
              "functions": [],
              "group": {
                "filter": "HUAWEI"
              },
              "host": {
                "filter": "$OLT"
              },
              "item": {
                "filter": "offline"
              },
              "itemTag": {
                "filter": ""
              },
              "options": {
                "disableDataAlignment": false,
                "showDisabledItems": false,
                "skipEmptyValues": false,
                "useZabbixValueMapping": false
              },
              "proxy": {
                "filter": ""
              },
              "queryType": "0",
              "refId": "A",
              "resultFormat": "time_series",
              "table": {
                "skipEmptyValues": false
              },
              "tags": {
                "filter": ""
              },
              "trigger": {
                "filter": ""
              },
              "triggers": {
                "acknowledged": 2,
                "count": true,
                "minSeverity": 3
              }
            }
          ],
          "type": "stat"
        }
      ],
      "targets": [
        {
          "datasource": {
            "type": "alexanderzobnin-zabbix-datasource",
            "uid": "jXdIVyg4k"
          },
          "refId": "A"
        }
      ],
      "title": "STATUS ONTs",
      "type": "row"
    },
    {
      "collapsed": true,
      "datasource": {
        "type": "alexanderzobnin-zabbix-datasource",
        "uid": "jXdIVyg4k"
      },
      "gridPos": {
        "h": 1,
        "w": 24,
        "x": 0,
        "y": 17
      },
      "id": 10,
      "panels": [
        {
          "datasource": {
            "type": "alexanderzobnin-zabbix-datasource",
            "uid": "jXdIVyg4k"
          },
          "fieldConfig": {
            "defaults": {
              "displayName": "DOWNLOAD",
              "mappings": [],
              "thresholds": {
                "mode": "absolute",
                "steps": [
                  {
                    "color": "green"
                  }
                ]
              },
              "unit": "bps"
            },
            "overrides": []
          },
          "gridPos": {
            "h": 2,
            "w": 12,
            "x": 0,
            "y": 13
          },
          "id": 11,
          "options": {
            "colorMode": "background",
            "graphMode": "none",
            "justifyMode": "center",
            "orientation": "auto",
            "reduceOptions": {
              "calcs": [
                "last"
              ],
              "fields": "",
              "values": false
            },
            "text": {},
            "textMode": "auto"
          },
          "pluginVersion": "9.0.4",
          "targets": [
            {
              "application": {
                "filter": ""
              },
              "datasource": {
                "type": "alexanderzobnin-zabbix-datasource",
                "uid": "jXdIVyg4k"
              },
              "functions": [],
              "group": {
                "filter": "OLT"
              },
              "host": {
                "filter": "OLT01-FIBERHOME"
              },
              "item": {
                "filter": "XFP 19/1 Traffic in"
              },
              "itemTag": {
                "filter": ""
              },
              "options": {
                "disableDataAlignment": false,
                "showDisabledItems": false,
                "skipEmptyValues": false,
                "useZabbixValueMapping": false
              },
              "proxy": {
                "filter": ""
              },
              "queryType": "0",
              "refId": "A",
              "resultFormat": "time_series",
              "table": {
                "skipEmptyValues": false
              },
              "tags": {
                "filter": ""
              },
              "trigger": {
                "filter": ""
              },
              "triggers": {
                "acknowledged": 2,
                "count": true,
                "minSeverity": 3
              }
            }
          ],
          "type": "stat"
        },
        {
          "datasource": {
            "type": "alexanderzobnin-zabbix-datasource",
            "uid": "jXdIVyg4k"
          },
          "fieldConfig": {
            "defaults": {
              "displayName": "UPLOAD",
              "mappings": [],
              "thresholds": {
                "mode": "absolute",
                "steps": [
                  {
                    "color": "dark-purple"
                  }
                ]
              },
              "unit": "bps"
            },
            "overrides": []
          },
          "gridPos": {
            "h": 2,
            "w": 12,
            "x": 12,
            "y": 13
          },
          "id": 12,
          "options": {
            "colorMode": "background",
            "graphMode": "none",
            "justifyMode": "center",
            "orientation": "auto",
            "reduceOptions": {
              "calcs": [
                "last"
              ],
              "fields": "",
              "values": false
            },
            "text": {},
            "textMode": "auto"
          },
          "pluginVersion": "9.0.4",
          "targets": [
            {
              "application": {
                "filter": ""
              },
              "datasource": {
                "type": "alexanderzobnin-zabbix-datasource",
                "uid": "jXdIVyg4k"
              },
              "functions": [],
              "group": {
                "filter": "FIBERHOME"
              },
              "host": {
                "filter": "OLT01-FIBERHOME"
              },
              "item": {
                "filter": "XFP 19/1 Traffic out"
              },
              "itemTag": {
                "filter": ""
              },
              "options": {
                "disableDataAlignment": false,
                "showDisabledItems": false,
                "skipEmptyValues": false,
                "useZabbixValueMapping": false
              },
              "proxy": {
                "filter": ""
              },
              "queryType": "0",
              "refId": "A",
              "resultFormat": "time_series",
              "table": {
                "skipEmptyValues": false
              },
              "tags": {
                "filter": ""
              },
              "trigger": {
                "filter": ""
              },
              "triggers": {
                "acknowledged": 2,
                "count": true,
                "minSeverity": 3
              }
            }
          ],
          "type": "stat"
        },
        {
          "aliasColors": {},
          "bars": false,
          "dashLength": 10,
          "dashes": false,
          "datasource": {
            "type": "alexanderzobnin-zabbix-datasource",
            "uid": "jXdIVyg4k"
          },
          "fieldConfig": {
            "defaults": {
              "displayName": "DOWNLOAD",
              "links": [],
              "unit": "bps"
            },
            "overrides": []
          },
          "fill": 7,
          "fillGradient": 0,
          "gridPos": {
            "h": 9,
            "w": 12,
            "x": 0,
            "y": 15
          },
          "hiddenSeries": false,
          "id": 13,
          "legend": {
            "alignAsTable": false,
            "avg": false,
            "current": false,
            "max": false,
            "min": false,
            "show": false,
            "total": false,
            "values": false
          },
          "lines": true,
          "linewidth": 0,
          "nullPointMode": "null",
          "options": {
            "alertThreshold": true
          },
          "percentage": false,
          "pluginVersion": "9.0.4",
          "pointradius": 2,
          "points": false,
          "renderer": "flot",
          "seriesOverrides": [],
          "spaceLength": 10,
          "stack": false,
          "steppedLine": false,
          "targets": [
            {
              "application": {
                "filter": ""
              },
              "datasource": {
                "type": "alexanderzobnin-zabbix-datasource",
                "uid": "jXdIVyg4k"
              },
              "functions": [],
              "group": {
                "filter": "FIBERHOME"
              },
              "host": {
                "filter": "OLT01-FIBERHOME"
              },
              "item": {
                "filter": "XFP 19/1 Traffic in"
              },
              "itemTag": {
                "filter": ""
              },
              "options": {
                "disableDataAlignment": false,
                "showDisabledItems": false,
                "skipEmptyValues": false,
                "useZabbixValueMapping": false
              },
              "proxy": {
                "filter": ""
              },
              "queryType": "0",
              "refId": "A",
              "resultFormat": "time_series",
              "table": {
                "skipEmptyValues": false
              },
              "tags": {
                "filter": ""
              },
              "trigger": {
                "filter": ""
              },
              "triggers": {
                "acknowledged": 2,
                "count": true,
                "minSeverity": 3
              }
            }
          ],
          "thresholds": [],
          "timeRegions": [],
          "tooltip": {
            "shared": true,
            "sort": 0,
            "value_type": "individual"
          },
          "type": "graph",
          "xaxis": {
            "mode": "time",
            "show": true,
            "values": []
          },
          "yaxes": [
            {
              "$$hashKey": "object:157",
              "format": "bps",
              "logBase": 1,
              "show": true
            },
            {
              "$$hashKey": "object:158",
              "format": "short",
              "logBase": 1,
              "show": true
            }
          ],
          "yaxis": {
            "align": false
          }
        },
        {
          "aliasColors": {
            "XFP 19/1 3.bites out": "dark-purple"
          },
          "bars": false,
          "dashLength": 10,
          "dashes": false,
          "datasource": {
            "type": "alexanderzobnin-zabbix-datasource",
            "uid": "jXdIVyg4k"
          },
          "fieldConfig": {
            "defaults": {
              "displayName": "DOWNLOAD",
              "links": [],
              "unit": "bps"
            },
            "overrides": []
          },
          "fill": 7,
          "fillGradient": 0,
          "gridPos": {
            "h": 9,
            "w": 12,
            "x": 12,
            "y": 15
          },
          "hiddenSeries": false,
          "id": 14,
          "legend": {
            "alignAsTable": false,
            "avg": false,
            "current": false,
            "max": false,
            "min": false,
            "show": false,
            "total": false,
            "values": false
          },
          "lines": true,
          "linewidth": 0,
          "nullPointMode": "null",
          "options": {
            "alertThreshold": true
          },
          "percentage": false,
          "pluginVersion": "9.0.4",
          "pointradius": 2,
          "points": false,
          "renderer": "flot",
          "seriesOverrides": [],
          "spaceLength": 10,
          "stack": false,
          "steppedLine": false,
          "targets": [
            {
              "application": {
                "filter": ""
              },
              "datasource": {
                "type": "alexanderzobnin-zabbix-datasource",
                "uid": "jXdIVyg4k"
              },
              "functions": [],
              "group": {
                "filter": "FIBERHOME"
              },
              "host": {
                "filter": "OLT01-FIBERHOME"
              },
              "item": {
                "filter": "XFP 19/1 Traffic out"
              },
              "itemTag": {
                "filter": ""
              },
              "options": {
                "disableDataAlignment": false,
                "showDisabledItems": false,
                "skipEmptyValues": false,
                "useZabbixValueMapping": false
              },
              "proxy": {
                "filter": ""
              },
              "queryType": "0",
              "refId": "A",
              "resultFormat": "time_series",
              "table": {
                "skipEmptyValues": false
              },
              "tags": {
                "filter": ""
              },
              "trigger": {
                "filter": ""
              },
              "triggers": {
                "acknowledged": 2,
                "count": true,
                "minSeverity": 3
              }
            }
          ],
          "thresholds": [],
          "timeRegions": [],
          "tooltip": {
            "shared": true,
            "sort": 0,
            "value_type": "individual"
          },
          "type": "graph",
          "xaxis": {
            "mode": "time",
            "show": true,
            "values": []
          },
          "yaxes": [
            {
              "$$hashKey": "object:157",
              "format": "bps",
              "logBase": 1,
              "show": true
            },
            {
              "$$hashKey": "object:158",
              "format": "short",
              "logBase": 1,
              "show": true
            }
          ],
          "yaxis": {
            "align": false
          }
        }
      ],
      "targets": [
        {
          "datasource": {
            "type": "alexanderzobnin-zabbix-datasource",
            "uid": "jXdIVyg4k"
          },
          "refId": "A"
        }
      ],
      "title": "FLUXO DA REDE",
      "type": "row"
    },
    {
      "collapsed": true,
      "datasource": {
        "type": "alexanderzobnin-zabbix-datasource",
        "uid": "jXdIVyg4k"
      },
      "gridPos": {
        "h": 1,
        "w": 24,
        "x": 0,
        "y": 18
      },
      "id": 57,
      "panels": [
        {
          "datasource": {
            "type": "mysql",
            "uid": "YxPDHsg4z"
          },
          "fieldConfig": {
            "defaults": {
              "color": {
                "mode": "thresholds"
              },
              "custom": {
                "align": "center",
                "displayMode": "auto",
                "filterable": false,
                "inspect": false
              },
              "mappings": [],
              "thresholds": {
                "mode": "absolute",
                "steps": [
                  {
                    "color": "dark-red"
                  }
                ]
              }
            },
            "overrides": []
          },
          "gridPos": {
            "h": 3,
            "w": 24,
            "x": 0,
            "y": 10
          },
          "id": 55,
          "options": {
            "footer": {
              "fields": "",
              "reducer": [
                "sum"
              ],
              "show": false
            },
            "showHeader": true,
            "sortBy": [
              {
                "desc": true,
                "displayName": "TOTAL ONU OFFLINE ⚠️"
              }
            ]
          },
          "pluginVersion": "9.0.4",
          "targets": [
            {
              "datasource": {
                "type": "mysql",
                "uid": "YxPDHsg4z"
              },
              "format": "table",
              "group": [],
              "metricColumn": "none",
              "rawQuery": true,
              "rawSql": "SELECT host  FROM hosts WHERE hostid=10450\n\n\n",
              "refId": "A",
              "select": [
                [
                  {
                    "params": [
                      "value"
                    ],
                    "type": "column"
                  }
                ]
              ],
              "timeColumn": "time",
              "where": [
                {
                  "name": "$__timeFilter",
                  "params": [],
                  "type": "macro"
                }
              ]
            }
          ],
          "title": "Select Limite 5",
          "type": "table"
        }
      ],
      "targets": [
        {
          "datasource": {
            "type": "alexanderzobnin-zabbix-datasource",
            "uid": "jXdIVyg4k"
          },
          "refId": "A"
        }
      ],
      "title": "BD",
      "type": "row"
    }
  ],
  "refresh": "5m",
  "schemaVersion": 36,
  "style": "dark",
  "tags": [
    "statusgpon"
  ],
  "templating": {
    "list": [
      {
        "current": {
          "selected": false,
          "text": "OLT-HUA-1-TC",
          "value": "OLT-HUA-1-TC"
        },
        "datasource": {
          "type": "alexanderzobnin-zabbix-datasource",
          "uid": "jXdIVyg4k"
        },
        "definition": "Zabbix - host",
        "hide": 0,
        "includeAll": false,
        "label": "SELECIONE A OLT",
        "multi": false,
        "name": "OLT",
        "options": [],
        "query": {
          "application": "",
          "group": "HUAWEI",
          "host": "/OLT.*/",
          "item": "",
          "itemTag": "",
          "queryType": "host"
        },
        "refresh": 1,
        "regex": "",
        "skipUrlSync": false,
        "sort": 0,
        "type": "query"
      }
    ]
  },
  "time": {
    "from": "now-15m",
    "to": "now"
  },
  "timepicker": {
    "refresh_intervals": [
      "10s",
      "30s",
      "1m",
      "5m",
      "15m",
      "30m",
      "1h",
      "2h",
      "1d"
    ]
  },
  "timezone": "",
  "title": "[PON] OLT STATUS",
  "uid": "XyBqAhG7k",
  "version": 34,
  "weekStart": ""
}